Year,Month,Day,Time,End Year,End Month,End Day,End Time,Display Date,Headline,Text,Media,Media Credit,Media Caption,Media Thumbnail,Type,Group,Background
-4026,,,,,,,,,Creation of Adam,Gen. 2:7,https://assetsnffrgf-a.akamaihd.net/assets/m/1102005136/univ/art/1102005136_univ_cnt_3_xl.jpg,,,,,Persons,
-4026,,,,,,,,After 4026 BCE,Edenic covenant <br>First prophecy,Gen. 3:15,https://wol.jw.org/isg/wol/mp/r397/lp-isg/nwt/2013/46,,,,,Covenants,
-3896,,,,,,,,Before 3896 BCE,Cain slays Abel,Gen. 4:8,https://assetsnffrgf-a.akamaihd.net/assets/m/1102016014/univ/art/1102016014_univ_cnt_2_xl.jpg,,,,,Events,
-3896,,,,,,,,,Birth of Seth,Gen. 5:3,,,,,,Persons,
-3404,,,,,,,,,Birth of Enoch,Gen. 5:18,https://assetsnffrgf-a.akamaihd.net/assets/m/2017010/univ/art/2017010_univ_cnt_3_xl.jpg,,,,,Persons,
-3339,,,,,,,,,Birth of Methuselah,,,,,,,Persons,
-3152,,,,,,,,,Birth of Lamech,Gen. 5:25,,,,,,Persons,
-3096,,,,,,,,,Death of Adam,,https://assetsnffrgf-a.akamaihd.net/assets/m/2019167/univ/art/2019167_univ_lsr_xl.jpg,,,,,Persons,
-3039,,,,,,,,,Death of Enoch,,https://assetsnffrgf-a.akamaihd.net/assets/m/2017010/univ/art/2017010_univ_cnt_4_xl.jpg,,,,,Persons,
-2970,,,,,,,,,Birth of Noah,"Gen. 5:28, 29",,,,,,Persons,
-2490,,,,,,,,,God’s pronouncement as to mankind,Gen. 6:3,,,,,,Events,
-2470,,,,,,,,,Birth of Japheth,Gen. 5:32; 9:24; 10:21,,,,,,Persons,
-2468,,,,,,,,,Birth of Shem,Gen. 7:11,,,,,,Persons,
-2370,9,,,,,,,,Flood,(in autumn),https://wol.jw.org/en/wol/mp/r1/lp-e/w13/2013/635,,,,,Events,
-2370,,,,,,,,,Death of Methuselah,,,,,,,Persons,
-2369,,,,,,,,,Covenant after the Flood,Gen. 8:13; 9:16,https://assetsnffrgf-a.akamaihd.net/assets/m/1101978064/univ/art/1101978064_univ_lsr_xl.jpg,,,,,Covenants,
-2368,,,,,,,,,Birth of Arpachshad,Gen. 11:10,,,,,,Persons,
-2269,,,,,,,,Around 2269 BCE,Building the tower at Babel,,https://cms-imgp.jw-cdn.org/img/p/1102016017/univ/art/1102016017_univ_lsr_lg.jpg,,,,,Events,
-1933,,,,,,,,Before 1933 BCE,Lot rescued <br>Abraham visits Melchizedek,"Gen. 14:16, 18; 16:3",,,,,,Events,
-1932,,,,,,,,,Birth of Ishmael,"Gen. 16:15, 16",,,,,,Persons,
-1919,,,,,,,,,Covenant of circumcision made,"Gen. 17:1, 10, 24",,,,,,Covenants,
-1919,,,,,,,,,Judgment of Sodom and Gomorrah,Gen. 19:24,https://assetsnffrgf-a.akamaihd.net/assets/m/1101978068/univ/art/1101978068_univ_lsr_xl.jpg,,,,,Events,
-1918,,,,,,,,,Birth of Isaac,"Gen. 21:2, 5",https://assetsnffrgf-a.akamaihd.net/assets/m/2014845/univ/art/2014845_univ_lsr_xl.jpg,,,,,Persons,
-1918,,,,,,,,1918-1467 BCE,‘About 450 years’ begins,Acts 13:17-20,,,,,,Time periods,
-1913,,,,,,,,,Weaning of Isaac; Ishmael sent away,Gen. 21:8; 15:13,,,,,,Events,
-1913,,,,,,,,1913-1513 BCE,400-year affliction begins,Acts 7:6,,,,,,Time periods,
-1881,,,,,,,,,Death of Sarah,Gen. 17:17; 23:1,https://wol.jw.org/en/wol/mp/r1/lp-e/wp16/2016/185,,,,,Persons,
-1878,,,,,,,,,Marriage of Isaac and Rebekah,Gen. 25:20,https://assetsnffrgf-a.akamaihd.net/assets/m/1101978069/univ/art/1101978069_univ_lsr_xl.jpg,,,,,Events,
-1868,,,,,,,,,Death of Shem,"Gen. 11:10, 11",,,,,,Persons,
-1858,,,,,,,,,Birth of Esau and Jacob,Gen. 25:2,,,,,,Persons,
-1858,,,,,,,,,Birth of Jacob,Gen. 25:26,,,,,,Persons,
-1843,,,,,,,,,Death of Abraham,Gen. 25:7,,,,,,Persons,
-1818,,,,,,,,,Esau marries first two wives,Gen. 26:34,,,,,,Events,
-1795,,,,,,,,,Death of Ishmael,Gen. 25:17,,,,,,Persons,
-1781,,,,,,,,,Jacob flees to Haran; his vision at Bethel,"Gen. 28:2, 13, 19",,,,,,Events,
-1774,,,,,,,,,Jacob marries Leah and Rachel,Gen. 29:23-30,,,,,,Events,
-1767,,,,,,,,,Birth of Joseph,"Gen. 30:23, 24",,,,,,Persons,
-1761,,,,,,,,,Jacob returns to Canaan from Haran,"Gen. 31:18, 41",,,,,,Events,
-1761,,,,,,,,About 1761 BCE,Jacob wrestles angel; is named Israel,Gen. 32:24-28,https://assetsnffrgf-a.akamaihd.net/assets/m/2016682/univ/art/2016682_univ_lsr_xl.jpg,,,,,Events,
-1750,,,,,,,,,Joseph sold as a slave by his brothers,"Gen. 37:2, 28",https://assetsnffrgf-a.akamaihd.net/assets/m/2014568/univ/art/2014568_univ_cnt_2_xl.jpg,,,,,Events,
-1738,,,,,,,,,Death of Isaac,,,,,,,Persons,
-1737,,,,,,,,,Joseph made prime minister of Egypt,"Gen. 41:40, 46",,,,,,Events,
-1728,,,,,,,,,Jacob with his whole family enters Egypt,Gen. 45:6; 46:26; 47:9,,,,,,Events,
-1711,,,,,,,,,Death of Jacob,Gen. 47:28,https://assetsnffrgf-a.akamaihd.net/assets/m/202021402/univ/art/202021402_univ_lsr_xl.jpg,,,,,Persons,
-1657,,,,,,,,,Death of Joseph,"Gen. 30:23, 24; 50:26",,,,,,Persons,
-1613,,,,,,,,Before 1613 BCE,Job’s trial,Job 1:8; 42:16,https://assetsnffrgf-a.akamaihd.net/assets/m/502012430/univ/art/502012430_univ_lsr_lg.jpg,,,,,Events,
-1600,,,,,,,,After 1600 BCE,Egypt attains prominence as first world power,Ex. 1:8,,,,,,World powers,
-1593,,,,,,,,,Birth of Moses,,https://assetsnffrgf-a.akamaihd.net/assets/m/1101978081/univ/art/1101978081_univ_cnt_2_xl.jpg,,,,,Persons,
-1553,,,,,,,,,Moses offers himself as a deliverer; flees to Midian,"Ex. 2:11, 14, 15; Acts 7:23",,,,,,Events,
-1514,,,,,,,,About 1514 BCE,Moses at the burning thornbush,Ex. 3:2,,,,,,Events,
-1513,,,,,,,,1913-1513 BCE,400-year affliction ends,Acts 7:6,,,,,,Time periods,
-1513,,,,,,,,,Bible writing begins,,https://assetsnffrgf-a.akamaihd.net/assets/m/502012493/univ/art/502012493_univ_lsr_xl.jpg,,,,,Bible writing,
-1513,,,,,,,,,Genesis,"Moses, in the wilderness",https://assetsnffrgf-a.akamaihd.net/assets/m/502012493/univ/art/502012493_univ_lsr_xl.jpg,,,,,Bible writing,
-1513,,,,,,,,,Law covenant,Mt. Sinai (Horeb),https://assetsnffrgf-a.akamaihd.net/assets/m/502015133/univ/art/502015133_univ_lsr_xl.jpg,,,,,Covenants,
-1513,,,,,,,,,Passover,,https://assetsnffrgf-a.akamaihd.net/assets/m/2013925/univ/art/2013925_univ_lsr_xl.jpg,,,,,Events,
-1513,,,,,,,,,Exodus from Egypt; Red Sea deliverance,,https://assetsnffrgf-a.akamaihd.net/assets/a/jdp/univ/wpub/jdp_univ_lg.jpg,,,,,Events,
-1512,,,,,,,,,Exodus and Leviticus,By Moses (Lev. 27:34; Num. 1:1),https://assetsnffrgf-a.akamaihd.net/assets/m/502012493/univ/art/502012493_univ_lsr_xl.jpg,,,,,Bible writing,
-1512,,,,,,,,,Tabernacle construction completed,Ex. 40:17,https://assetsnffrgf-a.akamaihd.net/assets/m/1102016035/univ/art/1102016035_univ_lsr_xl.jpg,,,,,Events,
-1512,,,,,,,,,Installation of the Aaronic priesthood,Lev. 8:34-36,https://assetsnffrgf-a.akamaihd.net/assets/m/402014843/univ/art/402014843_univ_lsr_xl.jpg,,,,,Events,
-1473,,,,,,,,About 1473 BCE,Moses completes the book of Job ,"Job 42:16, 17",https://assetsnffrgf-a.akamaihd.net/assets/m/502012493/univ/art/502012493_univ_lsr_xl.jpg,,,,,Bible writing,
-1473,,,,,,,,,Moses completes Numbers on Plains of Moab,Num. 35:1; 36:13,https://assetsnffrgf-a.akamaihd.net/assets/m/502012493/univ/art/502012493_univ_lsr_xl.jpg,,,,,Bible writing,
-1473,,,,,,,,,Moses writes Deuteronomy,"Deut. 1:1, 3",https://assetsnffrgf-a.akamaihd.net/assets/m/502012493/univ/art/502012493_univ_lsr_xl.jpg,,,,,Bible writing,
-1473,,,,,,,,,Covenant with Israel at Moab,Deut. 29:1,,,,,,Covenants,
-1473,,,,,,,,,Conquest of Jericho,Josh. 4:19,https://assetsnffrgf-a.akamaihd.net/assets/m/1101978100/univ/art/1101978100_univ_lsr_xl.jpg,,,,,Events,
-1473,,,,,,,,,Death of Moses,,,,,,,Persons,
-1467,,,,,,,,,Major conquest of the land completed,"Josh. 11:23; 14:7, Jos 14:10-15",https://wol.jw.org/en/wol/mp/r1/lp-e/it-1/2018/215,,,,,Events,
-1467,,,,,,,,1918-1467 BCE,‘About 450 years’ ends,Acts 13:17-20,,,,,,Time periods,
-1450,,,,,,,,About 1450 BCE,Book of Joshua completed,Josh. 1:1; 24:26,https://assetsnffrgf-a.akamaihd.net/assets/m/502012493/univ/art/502012493_univ_lsr_xl.jpg,,,,,Bible writing,
-1450,,,,,,,,About 1450 BCE,Death of Joshua,Josh. 24:29,https://assetsnffrgf-a.akamaihd.net/assets/m/1102016039/univ/art/1102016039_univ_cnt_2_xl.jpg,,,,,Persons,
-1446,,,,,,,,,Cushan-rishathaim rules over Israel,the king of Mesopotamia <br>Jg 3:8,,,,,,Events,
-1438,,,,,,,,1438-1398 BCE (40 years),Othniel,1st judge of Israel<br> Jg 3:9,https://assetsnffrgf-a.akamaihd.net/assets/m/1200001393/E/art/1200001393_E_cnt_1_xl.jpg,,,,,Judges,
-1416,,,,,,,,,Eglon prevails over Israel,! Date need to be confirmed ! <br>Jg 3:12,,,,,,Events,
-1398,,,,,,,,1398-1318 BCE (80 years),Ehud,2nd judge of Israel<br> Jg 3:15,https://assetsnffrgf-a.akamaihd.net/assets/m/202021409/univ/art/202021409_univ_lsr_lg.jpg,,,,,Judges,
-1318,,,,,,,,1318-1278 BCE (40 years),Barak,3rd judge of Israel<br> Worked closely with prophetess Deborah<br>Jg 4:6,https://assetsnffrgf-a.akamaihd.net/assets/m/1101978104/univ/art/1101978104_univ_lsr_lg.jpg,,,,,Judges,
-1300,,,,,,,,Around 1300 BCE,Story of Ruth,The story spans some 11 years,https://assetsnffrgf-a.akamaihd.net/assets/m/2012730/univ/art/2012730_univ_cnt_4_xl.jpg,,,,,Events,
-1300,,,,,,,,Around 1300 BCE,Story of Naomi and Ruth,11 years,https://assetsnffrgf-a.akamaihd.net/assets/m/502012396/univ/art/502012396_univ_lsr_lg.jpg,,,,,Events,
-1279,,,,,,,,,Shamgar,4th judge of Israel <br>Jg 3:31,https://assetsnffrgf-a.akamaihd.net/assets/m/1200001393/E/art/1200001393_E_cnt_1_xl.jpg,,,,,Judges,
-1278,,,,,,,,1278-1238 BCE (40 years),Gideon,5th judge of Israel <br>Jg 6:11,https://assetsnffrgf-a.akamaihd.net/assets/m/1102016044/univ/art/1102016044_univ_lsr_xl.jpg,,,,,Judges,
-1238,,,,,,,,1238-1215 BCE (23 years),Tola,12th judge of Israel <br>,https://assetsnffrgf-a.akamaihd.net/assets/m/1200001393/E/art/1200001393_E_cnt_1_xl.jpg,,,,,Judges,
-1215,,,,,,,,1215-1193 BCE (22 years),Jair,11th judge of Israel <br>,https://assetsnffrgf-a.akamaihd.net/assets/m/1200001393/E/art/1200001393_E_cnt_1_xl.jpg,,,,,Judges,
-1193,,,,,,,,1193-1187 BCE (6 years),Jephthaph,10th judge of Israel <br>,https://assetsnffrgf-a.akamaihd.net/assets/m/1101978107/univ/art/1101978107_univ_cnt_2_xl.jpg,,,,,Judges,
-1187,,,,,,,,1187-1158 (29 years),Ibzan,9th judge of Israel <br>Jg 12:8,https://assetsnffrgf-a.akamaihd.net/assets/m/1200001393/E/art/1200001393_E_cnt_1_xl.jpg,,,,,Judges,
-1158,,,,,,,,About 1158-1148 BCE (10 years),Elon,8th judge of Israel <br>,https://assetsnffrgf-a.akamaihd.net/assets/m/1200001393/E/art/1200001393_E_cnt_1_xl.jpg,,,,,Judges,
-1148,,,,,,,,About 1148-1140 BCE (8 years),Abdon,6th judge of Israel <br>,https://assetsnffrgf-a.akamaihd.net/assets/m/1200001393/E/art/1200001393_E_cnt_1_xl.jpg,,,,,Judges,
-1140,,,,,,,,About 1140-1120 BCE (20 years),Samson,7th judge of Israel <br>,https://wol.jw.org/en/wol/mp/r1/lp-e/lfb/2017/387,,,,,Judges,
-1117,,,,,,,,,Samuel anoints Saul as king of Israel,1 Sam. 10:24; Acts 13:21,,,,,,Kings of Israel,
-1115,,,,,,,,,Saul offers a sacrafice,,https://wol.jw.org/en/wol/mp/r1/lp-e/w17/2017/83,,,,,Events,
-1107,,,,,,,,,Birth of David ,at Bethlehem <br>1 Sam. 16:1,,,,,,Persons,
-1100,,,,,,,,About 1100 BCE,Samuel completes the book of Judges,Judg. 21:25,https://assetsnffrgf-a.akamaihd.net/assets/m/502012493/univ/art/502012493_univ_lsr_xl.jpg,,,,,Bible writing,
-1090,,,,,,,,About 1090 BCE,Samuel completes the book of Ruth,Ruth 4:18-22,https://assetsnffrgf-a.akamaihd.net/assets/m/502012493/univ/art/502012493_univ_lsr_xl.jpg,,,,,Bible writing,
-1078,,,,,,,,About 1078 BCE,Book of 1 Samuel completed,1 Sam. 31:6,https://assetsnffrgf-a.akamaihd.net/assets/m/502012493/univ/art/502012493_univ_lsr_xl.jpg,,,,,Bible writing,
-1077,,,,,,,,,David becomes king of Judah at Hebron,2 Sam. 2:4,,,,,,Kings of Israel,
-1070,,,,,,,,After 1070 BCE,Covenant for a kingdom made with David,2 Sam. 7:12-16,,,,,,Covenants,
-1070,,,,,,,,After 1070 BCE,The Ark brought into Jerusalem,2 Sam. 6:15,,,,,,Events,
-1070,,,,,,,,,David becomes king over all Israel; makes Jerusalem his capital,2 Sam. 5:3-7,,,,,,Kings of Israel,
-1040,,,,,,,,About 1040 BCE,Gad and Nathan complete 2 Samuel,2 Sam. 24:18,https://assetsnffrgf-a.akamaihd.net/assets/m/502012493/univ/art/502012493_univ_lsr_xl.jpg,,,,,Bible writing,
-1037,,,,,,,,,Solomon succeeds David as king of Israel,1 Ki. 1:39; 2:12,,,,,,Kings of Israel,
-1034,,,,-1027,,,,1034-1027 BCE,Construction of the temple,"1 Ki. 6:1, 38",,,,,,Events,
-1020,,,,,,,,About 1020 BCE,Solomon completes The Song of Song of Solomon,Sol. 1:1,https://assetsnffrgf-a.akamaihd.net/assets/m/502012493/univ/art/502012493_univ_lsr_xl.jpg,,,,,Bible writing,
-1000,,,,,,,,Before 1000 BCE,Solomon completes the book of Ecclesiastes,Eccl. 1:1,https://assetsnffrgf-a.akamaihd.net/assets/m/502012493/univ/art/502012493_univ_lsr_xl.jpg,,,,,Bible writing,
-997,,,,,,,,,Kingdom split ,,https://assetsnffrgf-a.akamaihd.net/assets/m/1102016055/univ/art/1102016055_univ_lsr_xl.jpg,,,,,Events,
-997,,,,,,,,,Rehoboam succeeds Solomon,1 Ki. 11:43,https://assetsnffrgf-a.akamaihd.net/assets/m/402018443/univ/art/402018443_univ_lsr_xl.jpg,,,,,Kings of Judah,
-997,,,,,,,,,Jeroboam begins reign,"1Ki 12:19, 20",,,,,,Kings of Israel,
-993,,,,,,,,993-992 BCE,Shishak invades Judah and takes treasures from temple,"1 Ki. 14:25, 26",,,,,,Events,
-980,,,,,,,,,Abijam (Abijah) succeeds Rehoboam,"1 Ki. 15:1, 2",,,,,,Kings of Judah,
-977,,,,,,,,,Asa succeeds Abijam,"1 Ki. 15:9, 10",,,,,,Kings of Judah,
-977,1,,,,,,,After 977 BCE,Asa's reforms,1 Ki. 15; 2Ch 15,https://wol.jw.org/en/wol/mp/r1/lp-e/w20/2020/684,,,,,Events,
-976,,,,,,,,About 976 BCE,Nadab succeeds Jeroboam,1 Ki. 14:20,,,,,,Kings of Israel,
-975,,,,,,,,About 975 BCE,Baasha succeeds Nadab,1 Ki. 15:33,,,,,,Kings of Israel,
-967,,,,,,,,About 967 BCE,Judah defeats Ethiopians,"At Mareshah <br>Ethiopian Zerah's march against Asa with a million men, and a complete defeat (2Ch 14)",https://assetsnffrgf-a.akamaihd.net/assets/m/2020565/univ/art/2020565_univ_cnt_3_xl.jpg,,,,,Events,
-961,,,,,,,,About 962-961 BCE,Asa's treaty with Syria,,,,,,,Events,
-952,,,,,,,,About 952 BCE,Elah succeeds Baasha,1 Ki. 16:8,,,,,,Kings of Israel,
-951,,,,,,,,About 951 BCE,Zimri succeeds Elah; Omri and Tibni succeed Zimri,1 Ki. 16:15; 1 Ki. 16:21,,,,,,Kings of Israel,
-947,,,,,,,,About 947 BCE,Omri rules alone,"1 Ki. 16:22, 23",,,,,,Kings of Israel,
-940,,,,,,,,About 940 BCE,Ahab succeeds Omri,1 Ki. 16:29,,,,,,Kings of Israel,
-940,,,,,,,,After 940-before 905 BCE,Elijah begins prophecying,,https://assetsnffrgf-a.akamaihd.net/assets/m/1102013256/univ/art/1102013256_univ_lsr_xl.jpg,,,,,Prophets,
-937,,,,,,,,After 937 BCE,Elijah and the Baal prophets at Carmel,1 Ki. 18,https://assetsnffrgf-a.akamaihd.net/assets/m/1102013256/univ/art/1102013256_univ_cnt_2_xl.jpg,,,,,Events,
-937,,,,,,,,After 937 BCE,Elijah flees away from Jesabel,1 Ki. 19,https://assetsnffrgf-a.akamaihd.net/assets/m/1102016057/univ/art/1102016057_univ_lsr_xl.jpg,,,,,Events,
-936,,,,,,,,,Jehoshaphat succeeds Asa,"1 Ki. 22:41, 42",,,,,,Kings of Judah,
-933,,,,,,,,,Jehoshaphat's teaching campaign,2Ch 17:7-9,,,,,,Events,
-925,,,,,,,,About 925 BCE,Syrian war against Ahab,1 Ki. 20,,,,,,Events,
-924,,,,,,,,Between 925 and 919 BCE,Murdering Naboth,1 Ki. 21,https://wol.jw.org/en/wol/mp/r1/lp-e/ws15/2015/150,,,,,Events,
-919,,,,,,,,About 919 BCE,Ahaziah succeeds Ahab as sole king,"1 Ki. 22:51, 52",,,,,,Kings of Israel,
-919,,,,,,,,,Jehoshaphat's reforms,2Ch 19:4-11,,,,,,Events,
-917,,,,,,,,About 917 BCE,Jehoram succeeds Ahaziah as sole king,2 Ki. 3:1,,,,,,Kings of Israel,
-916,,,,,,,,In 10th century BCE,Naaman healed by Elisha,2 Ki. 5,https://assetsnffrgf-a.akamaihd.net/assets/m/502013315/univ/art/502013315_univ_lsr_lg.jpg,,,,,Events,
-915,,,,,,,,In 10th century BCE,Syrians mentally blinded,And eyes of Elisha’s attendant opened <br>2 Ki. 6,https://assetsnffrgf-a.akamaihd.net/assets/m/1102016062/univ/art/1102016062_univ_lsr_xl.jpg,,,,,Events,
-913,,,,,,,,,"Jehoram ‘becomes king,’ with Jehoshaphat","2 Ki. 8:16, 17",,,,,,Kings of Judah,
-906,,,,,,,,About 906 BCE,Ahaziah succeeds Jehoram,"2 Ki. 8:25, 26",,,,,,Kings of Judah,
-905,,,,,,,,About 905 BCE,Queen Athaliah usurps throne,2 Ki. 11:1-3,https://assetsnffrgf-a.akamaihd.net/assets/m/1102016063/univ/art/1102016063_univ_cnt_2_xl.jpg,,,,,Kings of Judah,
-905,,,,,,,,About 905 BCE,Jehu succeeds Jehoram,"2 Ki. 9:24, 27; 2Ki 10:36",,,,,,Kings of Israel,
-905,,,,,,,,After 940-before 905 BCE,Elijah finishes prophecying,,https://assetsnffrgf-a.akamaihd.net/assets/m/1102013256/univ/art/1102013256_univ_lsr_xl.jpg,,,,,Prophets,
-898,,,,,,,,,Jehoash succeeds Ahaziah,2 Ki. 12:1,https://assetsnffrgf-a.akamaihd.net/assets/m/1102016063/univ/art/1102016063_univ_lsr_xl.jpg,,,,,Kings of Judah,
-876,,,,,,,,,Jehoahaz succeeds Jehu,2 Ki. 13:1,,,,,,Kings of Israel,
-859,,,,,,,,About 859 BCE,Jehoash succeeds Jehoahaz as sole king,2 Ki. 13:10,,,,,,Kings of Israel,
-858,,,,,,,,,Amaziah succeeds Jehoash,"2 Ki. 14:1, 2",,,,,,Kings of Judah,
-844,,,,,,,,About 844 BCE,Jonah completes the book of Jonah,"Jonah 1:1, 2",https://assetsnffrgf-a.akamaihd.net/assets/m/502012493/univ/art/502012493_univ_lsr_xl.jpg,,,,,Bible writing,
-844,,,,,,,,About 844 BCE,Jeroboam II succeeds Jehoash,2 Ki. 14:23,,,,,,Kings of Israel,
-844,,,,,,,,Around 844 BCE,Jonah,,https://assetsnffrgf-a.akamaihd.net/assets/m/1102013260/univ/art/1102013260_univ_cnt_4_xl.jpg,,,,,Prophets,
-829,,,,,,,,,Uzziah (Azariah) succeeds Amaziah,"2 Ki. 15:1, 2",,,,,,Kings of Judah,
-820,,,,,,,,About 820 BCE,Book of Joel perhaps written,Joel 1:1,https://assetsnffrgf-a.akamaihd.net/assets/m/502012493/univ/art/502012493_univ_lsr_xl.jpg,,,,,Bible writing,
-820,,,,,,,,Around 820 BCE,Joel,,https://wol.jw.org/en/wol/mp/r1/lp-e/jd/2006/8,,,,,Prophets,
-804,,,,,,,,About 804 BCE,Amos completes the book of Amos,Amos 1:1,https://assetsnffrgf-a.akamaihd.net/assets/m/502012493/univ/art/502012493_univ_lsr_xl.jpg,,,,,Bible writing,
-804,,,,,,,,Sometime between 829 and about 804 BCE,Amos,,https://wol.jw.org/en/wol/mp/r1/lp-e/jd/2006/10,,,,,Prophets,
-804,,,,,,,,Before 804-after 745 BCE,Hosea begins prophecying,,https://wol.jw.org/en/wol/mp/r1/lp-e/jd/2006/12,,,,,Prophets,
-792,,,,,,,,About 792 BCE,Zechariah rules (6 months),2 Ki. 15:8,,,,,,Kings of Israel,
-791,,,,,,,,About 791 BCE,Shallum succeeds Zechariah,"2 Ki. 15:13, 17",,,,,,Kings of Israel,
-791,,,,,,,,About 791 BCE,Menahem succeeds Shallum,,,,,,,Kings of Israel,
-780,,,,,,,,About 780 BCE,Pekahiah succeeds Menahem,2 Ki. 15:23,,,,,,Kings of Israel,
-778,,,,,,,,About 778 BCE,Pekah succeeds Pekahiah,2 Ki. 15:27,,,,,,Kings of Israel,
-778,,,,,,,,About 778 BCE,Isaiah begins to prophesy,Isa. 1:1; 6:1,https://assetsnffrgf-a.akamaihd.net/assets/m/502012429/univ/art/502012429_univ_sqr_xl.jpg,,,,,Prophets,
-777,,,,,,,,,Jotham succeeds Uzziah (Azariah),"2 Ki. 15:32, 33",,,,,,Kings of Judah,
-777,,,,,,,,About 777-about 717 BCE,Micah begins prophecying,,https://wol.jw.org/en/wol/mp/r1/lp-e/jd/2006/14,,,,,Prophets,
-761,,,,,,,,About 761 BCE,Ahaz succeeds Jotham,"2 Ki. 16:1, 2",,,,,,Kings of Judah,
-758,,,,,,,,About 758 BCE,Hoshea ‘begins to reign’,2 Ki. 15:30,,,,,,Kings of Israel,
-745,,,,,,,,After 745 BCE,Hosea completes the book of Hosea,Hos. 1:1,https://assetsnffrgf-a.akamaihd.net/assets/m/502012493/univ/art/502012493_univ_lsr_xl.jpg,,,,,Bible writing,
-745,,,,,,,,,Hezekiah succeeds Ahaz,"2 Ki. 18:1, 2",,,,,,Kings of Judah,
-745,,,,,,,,Before 804-after 745 BCE,Hosea finishes prophecying,,https://wol.jw.org/en/wol/mp/r1/lp-e/jd/2006/12,,,,,Prophets,
-742,,,,,,,,,Assyria begins to lay siege against Samaria,2 Ki. 18:9,,,,,,Events,
-740,,,,,,,,,"Assyria subjugates Israel, takes Samaria","2 Ki. 17:6, 13, 18",,,,,,Events,
-732,,,,,,,,After 732 BCE,Isaiah completes the book of Isaiah,Isa. 1:1,https://assetsnffrgf-a.akamaihd.net/assets/m/502012493/univ/art/502012493_univ_lsr_xl.jpg,,,,,Bible writing,
-732,,,,,,,,,Sennacherib invades Judah,2 Ki. 18:13,,,,,,Events,
-731,,,,,,,,About 732 BCE,Hezekiah got sick and then healed,2 Ki. 20:1-11,https://assetsnffrgf-a.akamaihd.net/assets/m/202022422/univ/art/202022422_univ_lsr_xl.jpg,,,,,Events,
-717,,,,,,,,Before 717 BCE,Micah completes the book of Micah,Mic. 1:1,https://assetsnffrgf-a.akamaihd.net/assets/m/502012493/univ/art/502012493_univ_lsr_xl.jpg,,,,,Bible writing,
-717,,,,,,,,About 717 BCE,Compiling of Proverbs completed,Prov. 25:1,https://assetsnffrgf-a.akamaihd.net/assets/m/502012493/univ/art/502012493_univ_lsr_xl.jpg,,,,,Bible writing,
-717,,,,,,,,About 777-about 717 BCE,Micah finishes prophecying,,https://wol.jw.org/en/wol/mp/r1/lp-e/jd/2006/14,,,,,Prophets,
-717,,,,,,,,After 778-before 717 BCE,Isaiah finishes prophecying,,https://assetsnffrgf-a.akamaihd.net/assets/m/502012429/univ/art/502012429_univ_sqr_xl.jpg,,,,,Prophets,
-716,,,,,,,,,Manasseh succeeds Hezekiah,2 Ki. 21:1,https://assetsnffrgf-a.akamaihd.net/assets/m/502017168/univ/art/502017168_univ_lsr_lg.jpg,,,,,Kings of Judah,
-661,,,,,,,,,Amon succeeds Manasseh,2 Ki. 21:19,,,,,,Kings of Judah,
-659,,,,,,,,,Josiah succeeds Amon,2 Ki. 22:1,https://wol.jw.org/en/wol/mp/r1/lp-e/jr/2010/12,,,,,Kings of Judah,
-648,,,,,,,,Before 648 BCE,Zephaniah completes the book of Zephaniah,Zeph. 1:1,https://assetsnffrgf-a.akamaihd.net/assets/m/502012493/univ/art/502012493_univ_lsr_xl.jpg,,,,,Bible writing,
-648,,,,,,,,About 648 BCE,Zephaniah,,https://wol.jw.org/en/wol/mp/r1/lp-e/jd/2006/18,,,,,Prophets,
-647,,,,,,,,,Jeremiah commissioned as prophet,"Jer. 1:1, 2, 9, 10",,,,,,Events,
-647,,,,,,,,,Jeremiah begins prophecying,,https://assetsnffrgf-a.akamaihd.net/assets/m/1101978129/univ/art/1101978129_univ_lsr_xl.jpg,,,,,Prophets,
-645,,,,,,,,,New dynasty in Babilon,By Nabopolassar,,,,,,World powers,
-634,,,,,,,,About 634 BCE,Daniel Born,,,,,,,Persons,
-632,,,,,,,,Before 632 BCE,Nahum completes the book of Nahum,Nah. 1:1,https://assetsnffrgf-a.akamaihd.net/assets/m/502012493/univ/art/502012493_univ_lsr_xl.jpg,,,,,Bible writing,
-632,,,,,,,,Before 632 BCE,Nahum,,https://wol.jw.org/en/wol/mp/r1/lp-e/jd/2006/20,,,,,Prophets,
-632,,,,,,,,,Fall of Nineveh,Nah. 3:7 <br>Babylon now in line to become third world power,https://assetsnffrgf-a.akamaihd.net/assets/m/2021647/univ/art/2021647_univ_cnt_3_xl.jpg,,,,,World powers,
-629,,,,,,,,,Josiah dies ,,https://wol.jw.org/en/wol/mp/r1/lp-e/jr/2010/12,,,,,Persons,
-629,,,,,,,,,Egypt secures Carchemish,,,,,,,World powers,
-628,,,,,,,,About 628 BCE,Habakkuk completes the book of Habakkuk,Hab. 1:1,https://assetsnffrgf-a.akamaihd.net/assets/m/502012493/univ/art/502012493_univ_lsr_xl.jpg,,,,,Bible writing,
-628,,,,,,,,,"Jehoahaz succeeds Josiah, Jehoiakim succeeds Jehoahaz","2 Ki. 23:31, 36",,,,,,Kings of Judah,
-628,,,,,,,,About 628 BCE,Habakuk,,https://wol.jw.org/en/wol/mp/r1/lp-e/jd/2006/22,,,,,Prophets,
-625,,,,,,,,,Nebuchadnezzar (II) becomes king of Babylon,Jer. 25:1 (first regnal year counts from Nisan of 624 B.C.E.),,,,,,World powers,
-625,,,,,,,,,Battle at Carchemish,Between Egypt and Babylon <br>Egypt loses all imperial strengh,,,,,,World powers,
-620,,,,,,,,,Babylon begins to dominate Jerusalem,Nebuchadnezzar makes Jehoiakim tributary king <br>2 Ki. 24:1,,,,,,Events,
-618,,,,,,,,,Jehoiakim rebels,Nebuchadnezzar comes against Jerusalem <br>Jehoiakim dies,,,,,,Events,
-618,,,,,,,,,Jehoiachin becomes king after Jehoiakim,"2 Ki. 24:6, 8",,,,,,Kings of Judah,
-617,,,,,,,,,Nebuchadnezzar takes first Jewish captives to Babylon,"Including King Jehoiachin and his mother, and Ezekiel, Daniel, Hananiah, Mishael, and Azariah <br>Dan. 1:1-4; 2 Ki. 24:12-18",https://assetsnffrgf-a.akamaihd.net/assets/m/500100125/univ/art/500100125_univ_cnt_2_lg.jpg,,,,,Events,
-617,,,,,,,,,Zedekiah is made king,2 Ki. 24:12-18,,,,,,Kings of Judah,
-613,,,,,,,,,Ezekiel begins prophesying,Ezek. 1:1-3,,,,,,Prophets,
-609,,,,,,,,,Babylon's siege around Jerusalem,"Zedekiah rebels -> Nebuchadnezzar comes against Judah a 3rd time (2 Ki. 25:1, 2)",,,,,,Events,
-607,,,,,,,,,Jeremiah writes Lamentations,,https://assetsnffrgf-a.akamaihd.net/assets/m/502012493/univ/art/502012493_univ_lsr_xl.jpg,,,,,Bible writing,
-607,,,,,,,,About 607 BCE,Obadiah writes the book of Obadiah,Obad. 1,https://assetsnffrgf-a.akamaihd.net/assets/m/502012493/univ/art/502012493_univ_lsr_xl.jpg,,,,,Bible writing,
-607,1,,,,,,,"Abib, 607 BCE",Destruction of Jerusalem,"2 Ki. 25:8-10; Jer. 52:12-14; 2 Ki. 25:25, 26;",https://assetsnffrgf-a.akamaihd.net/assets/m/1102016068/univ/art/1102016068_univ_lsr_xl.jpg,,,,,Events,
-607,10,,,,,,,Seventh month of 607 BCE,Jews abandon Judah,"2 Ki. 25:8-10; Jer. 52:12-14; 2 Ki. 25:25, 26;",,,,,,Events,
-607,,,,,,,,13 years after 607 BCE,Nebuchadnezzar's attack on Tyre,"In about 584 BCE he conquers mainland Tyre, but the island-city remains",,,,,,Events,
-607,,,,,,,,About 607 BCE,Obadiah,,https://wol.jw.org/en/wol/mp/r1/lp-e/jd/2006/24,,,,,Prophets,
-607,10,,,,,,,607 BCE-1914 CE,2520 years begins,"7 times (Da 4:16, 25) <br>“Appointed times of the nations” (Lk 21:24)",,,,,,Time periods,
-607,10,,,,,,,607 BCE-537 CE,Jerusalem’s 70-year desolation begins,,,,,,,Time periods,
-605,,,,,,,,,Nebuchadnezzar’s dream about the image,Daniel 2 <br>Daniel is in his late 20's or early 30's,https://assetsnffrgf-a.akamaihd.net/assets/m/1102016070/univ/art/1102016070_univ_lsr_lg.jpg,,,,,Events,
-605,,,,,,,,,Daniel begins prophecying,,https://assetsnffrgf-a.akamaihd.net/assets/a/dp/univ/wpub/dp_univ_lg.jpg,,,,,Prophets,
-602,,,,,,,,,Nebuchadnezzar invades Ammon and Moab,,,,,,,Events,
-592,,,,,,,,,Nebuchadnezzar's vision of the tree,Da 4 <br>Daniel is in his early 40's,https://assetsnffrgf-a.akamaihd.net/assets/m/1102016072/univ/art/1102016072_univ_lsr_xl.jpg,,,,,Events,
-591,,,,,,,,About 591 BCE,Ezekiel completes the book of Ezekiel,Ezek. 40:1; 29:17,https://assetsnffrgf-a.akamaihd.net/assets/m/502012493/univ/art/502012493_univ_lsr_xl.jpg,,,,,Bible writing,
-588,,,,,,,,,Babylon defeats Egypt,37th year of Nebuchadnezzar's reign,,,,,,World powers,
-580,,,,,,,,,Books of 1 and 2 Kings and Jeremiah completed,Jer. 52:31; 2 Ki. 25:27,https://assetsnffrgf-a.akamaihd.net/assets/m/502012493/univ/art/502012493_univ_lsr_xl.jpg,,,,,Bible writing,
-580,,,,,,,,,Jeremiah finishes prophecying,,https://assetsnffrgf-a.akamaihd.net/assets/m/1101978129/univ/art/1101978129_univ_lsr_xl.jpg,,,,,Prophets,
-553,,,,,,,,,Daniel receives vision about 4 wild beasts,Daniel 7 <br>Daniel is in his 80's,https://assetsnffrgf-a.akamaihd.net/assets/m/202017364/univ/art/202017364_univ_cnt_3_xl.jpg,,,,,Events,
-551,,,,,,,,,Daniel receives vision about the ram and male goat,Daniel 8 <br>Daniel is in his 80's,https://wol.jw.org/en/wol/mp/r1/lp-e/la/2001/41,,,,,Events,
-550,,,,,,,,,Persia controls Median Empire,Cyrus ocupies Ecbatana,,,,,,World powers,
-539,,,,,,,,,Fall of Babylon,"By Medes and Persians (Dan. 5:30, 31)",https://wol.jw.org/en/wol/mp/r1/lp-e/it-2/2018/28,,,,,Events,
-539,,,,,,,,,Prophecy of 70 weeks,Daniel 9 <br>Daniel is in his 90's,https://assetsnffrgf-a.akamaihd.net/assets/m/202017363/univ/art/202017363_univ_cnt_1_xl.jpg,,,,,Events,
-539,,,,,,,,,Medo-Persia becomes the fourth world power,"Dan. 5:30, 31",,,,,,World powers,
-538,,,,,,,,,Cyrus becomes king,,https://wol.jw.org/zib/wol/mp/r403/lp-zsl/mwb17/2017/79,,,,,World powers,
-538,,,,,,,,Late 538 or toward the spring of 537 BCE,Decree of Cyrus permitting Jews to return to Jerusalem,"2 Chron. 36:22, 23; Jer. 25:12; 29:10",,,,,,Events,
-537,,,,,,,,,Jews returning to Jerusalem,,https://assetsnffrgf-a.akamaihd.net/assets/m/202016013/univ/art/202016013_univ_cnt_1_xl.jpg,,,,,Events,
-537,,,,,,,,About 537 BCE,Cyrus decree that the temple be rebuilt,In the seventh month: Altar set up; sacrifices offered,,,,,,Events,
-537,,,,,,,,Tishri 537 BCE,Jerusalem’s 70-year desolation ends,By offering the first sacrifice to Jehovah on an altar located in the temple area <br>70 years: 607 BCE-537 CE,,,,,,Time periods,
-536,,,,,,,,,Vision about two rivalry kings,“The king of the north” and “the king of the south” <br>Da 10-12,https://assetsnffrgf-a.akamaihd.net/assets/m/2023521/univ/art/2023521_univ_cnt_3_xl.jpg,,,,,Events,
-536,,,,,,,,About 536 BCE,Daniel finishes prophecying,,https://assetsnffrgf-a.akamaihd.net/assets/a/dp/univ/wpub/dp_univ_lg.jpg,,,,,Prophets,
-536,,,,,,,,About 536 BCE,Daniel completes the book of Daniel,Dan. 10:1,https://assetsnffrgf-a.akamaihd.net/assets/a/dp/univ/wpub/dp_univ_lg.jpg,,,,,Bible writing,
-536,,,,,,,,,Foundation of temple laid by Zerubbabel,Ezra 3:8-10 <br>After this a period of extrem opposition begins,https://assetsnffrgf-a.akamaihd.net/assets/m/202016010/univ/art/202016010_univ_cnt_1_xl.jpg,,,,,Events,
-530,,,,,,,,,Cyrus the Great dies,Ezra 1:1,https://wol.jw.org/zib/wol/mp/r403/lp-zsl/mwb17/2017/79,,,,,Events,
-530,,,,,,,,,Cambyses (Ahasuerus) begins his rule in Persia,Rules from 530-522 BCE <br>Ezra 4:6,https://upload.wikimedia.org/wikipedia/commons/1/18/Stela_Cambyses_Apis_closeup.jpg,,,,,Events,
-522,,,,,,,,,Persian king Cambyses (Ahasuerus) dies,Rules from 530-522 BCE <br>Ezra 4:6,https://upload.wikimedia.org/wikipedia/commons/1/18/Stela_Cambyses_Apis_closeup.jpg,,,,,Events,
-522,,,,,,,,,Artaxerxes-Bardiya (Gaumata),Assassinated after reigning only 7 months <br>Ezra 4:7,https://upload.wikimedia.org/wikipedia/commons/6/6a/Gaumata_portrait_on_the_Behistun_inscription.jpg,,,,,Events,
-522,,,,,,,,,Ban put on temple-building work,"By Artaxerxes-Bardiya (Gaumata) <br>Ezra 4:23, 24",,,,,,Events,
-522,,,,,,,,,Darius I begins his rule in Persia,Rules:522-486 BCE <br>Ezra 4:24,https://upload.wikimedia.org/wikipedia/commons/0/01/Darius_I_%28The_Great%29.jpg,,,,,Events,
-520,,,,,,,,,Ban on temple-building removed,,,,,,,Events,
-520,,,,,,,,,Haggai,,https://wol.jw.org/en/wol/mp/r1/lp-e/jd/2006/26,,,,,Prophets,
-520,,,,,,,,,Haggai completes the book of Haggai,Hag. 1:1,https://assetsnffrgf-a.akamaihd.net/assets/m/502012493/univ/art/502012493_univ_lsr_xl.jpg,,,,,Bible writing,
-520,,,,,,,,,Zechariah begins prophecying,,https://wol.jw.org/en/wol/mp/r1/lp-e/jd/2006/28,,,,,Prophets,
-518,,,,,,,,,Zechariah finishes prophecying,,https://wol.jw.org/en/wol/mp/r1/lp-e/jd/2006/28,,,,,Prophets,
-518,,,,,,,,,Zechariah completes the book of Zechariah,Zech. 1:1,https://assetsnffrgf-a.akamaihd.net/assets/m/502012493/univ/art/502012493_univ_lsr_xl.jpg,,,,,Bible writing,
-515,,,,,,,,,Temple rebuilt,"Zerubbabel completes second temple <br>Ezra 6:14, 15",https://assetsnffrgf-a.akamaihd.net/assets/m/202016010/univ/art/202016010_univ_cnt_1_xl.jpg,,,,,Events,
-498,,,,,,,,498 BCE or before,Birth of Ezra ,,,,,,,Persons,
-496,,,,,,,,,Xerxes (Ahasuerus) becomes coregent with Darius I,Coregent with Darius from 496-486 BCE <br>Rules until 475 BCE,https://assetsnffrgf-a.akamaihd.net/assets/m/1102013261/univ/art/1102013261_univ_cnt_4_xl.jpg,,,,,Events,
-493,,,,,,,,,Queen Vashti refuses to obey,Esther 1,,,,,,Events,
-488,,,,,,,,,12-month treatment of the virgins begins,Esther 2:12,https://assetsnffrgf-a.akamaihd.net/assets/m/1102013261/univ/art/1102013261_univ_cnt_3_xl.jpg,,,,,Events,
-489,,,,,,,,,Esther becomes queen,Mordecai exposes a plot <>Esther 2,https://assetsnffrgf-a.akamaihd.net/assets/m/1102013262/univ/art/1102013262_univ_lsr_xl.jpg,,,,,Events,
-489,,,,,,,,489-484 BCE,Haman exalted,Esther 3:1-4,https://assetsnffrgf-a.akamaihd.net/assets/m/502012403/univ/art/502012403_univ_lsr_lg.jpg,,,,,Events,
-486,,,,,,,,,Rule of Persian king Darius I finishes his rule,Rules:522-486 BCE <br>Xerxes (Ahasuerus) rules as a coregent from 496-486 BCE <br>Ezra 4:24,https://upload.wikimedia.org/wikipedia/commons/0/01/Darius_I_%28The_Great%29.jpg,,,,,Events,
-484,,,,,,,,,Jews rescued due to Esther's intervention,Esther 3-10,https://assetsnffrgf-a.akamaihd.net/assets/m/1102013262/univ/art/1102013262_univ_cnt_2_xl.jpg,,,,,Events,
-475,,,,,,,,,Persian king Xerxes (Ahasuerus) dies,Coregent with Darius from 496-486 BCE <br>Rules until 475 BCE,https://assetsnffrgf-a.akamaihd.net/assets/m/1102013261/univ/art/1102013261_univ_cnt_4_xl.jpg,,,,,Events,
-475,,,,,,,,,Persian king Artaxerxes Longimanus begins his rule,475-424 BCE <br>Ezra 7:1,https://upload.wikimedia.org/wikipedia/commons/1/10/Artaxerxes_I_at_Naqsh-e_Rostam.jpg,,,,,Events,
-475,,,,,,,,About 475 BCE,Mordecai completes the book of Esther,Esther 3:7; 9:32,https://assetsnffrgf-a.akamaihd.net/assets/m/502012493/univ/art/502012493_univ_lsr_xl.jpg,,,,,Bible writing,
-468,,,,,,,,,Ezra and priests return to Jerusalem,Ezra 7:7,,,,,,Events,
-460,,,,,,,,About 460 BCE,Ezra completes the books of 1 and 2 Chronicles and Ezra; final compilation of Psalms,Ezra 1:1; 2 Chron. 36:22,https://assetsnffrgf-a.akamaihd.net/assets/m/502012493/univ/art/502012493_univ_lsr_xl.jpg,,,,,Bible writing,
-455,,,,,,,,,Jerusalem’s walls rebuilt by Nehemiah,"Neh. 1:1; 2:1, 11; 6:15",,,,,,Events,
-455,,,,,,,,455 BCE-36 CE,70 weeks begins,Dan. 9:24-27,,,,,,Time periods,
-443,,,,,,,,After 443 BCE,Nehemiah completes the book of Nehemiah,Neh. 5:14,https://assetsnffrgf-a.akamaihd.net/assets/m/502012493/univ/art/502012493_univ_lsr_xl.jpg,,,,,Bible writing,
-443,,,,,,,,After 443 BCE,Malachi,,https://wol.jw.org/en/wol/mp/r1/lp-e/jd/2006/30,,,,,Prophets,
-443,,,,,,,,After 443 BCE,Malachi completes the book of Malachi,Mal. 1:1,https://assetsnffrgf-a.akamaihd.net/assets/m/502012493/univ/art/502012493_univ_lsr_xl.jpg,,,,,Bible writing,
-424,,,,,,,,,Persian king Artaxerxes Longimanus finishes his rule,475-424 BCE <br>Ezra 7:1,https://upload.wikimedia.org/wikipedia/commons/1/10/Artaxerxes_I_at_Naqsh-e_Rostam.jpg,,,,,Events,
-406,,,,,,,,,Rebuilding of Jerusalem is evidently completed,Dan. 9:25,,,,,,Events,
-333,,,,,,,,,Battle of Issus,Prophecy against Damascus fulfilled <br>Zec 9:9,,,,,,Events,
-332,,,,,,,,,"Destruction of Tyre, island city","The Greek army, commanded by Alexander the Great, destroys the island-city of Tyre",https://wol.jw.org/en/wol/mp/r1/lp-e/mwb17/2017/615,,,,,Events,
-332,,,,,,,,,Conquering Philistia,"Alexander conquers Gaza, a Philistine capital city",,,,,,Events,
-332,,,,,,,,,Egypt becomes as inferior kingdom,,,,,,,World powers,
-331,,,,,,,,,"Greece, fifth world power, rules Judea",Dan. 8:21,,,,,,World powers,
-331,,,,,,,,,Alexander the Great conquers Persia,,https://assetsnffrgf-a.akamaihd.net/assets/m/202017253/univ/art/202017253_univ_cnt_3_xl.jpg,,,,,World powers,
-312,,,,,,,,,Seleucus,King of the North in Da 11:5,https://upload.wikimedia.org/wikipedia/commons/thumb/1/11/Seleuco_I_Nicatore.JPG/800px-Seleuco_I_Nicatore.JPG,,,,,King of the North,
-305,,,,,,,,,Ptolemy,King of the South in Da 11:5,https://upload.wikimedia.org/wikipedia/commons/thumb/2/21/Ptolemy_I_Soter_Louvre_Ma849.jpg/353px-Ptolemy_I_Soter_Louvre_Ma849.jpg,,,,,King of the South,
-301,,,,,,,,,Greece shared to 4,,,,,,,World powers,
-284,,,,,,,,,Ptolemy II,King of the South in Da 11:6,https://upload.wikimedia.org/wikipedia/commons/thumb/6/69/Ptolemy_II_MAN_Napoli_Inv5600.jpg/330px-Ptolemy_II_MAN_Napoli_Inv5600.jpg,,,,,King of the South,
-280,,,,,,,,About 280 BCE,The Greek Septuagint begun,,,,,,,Bible copy/translation,
-261,,,,,,,,,Antiochus II,King of the North in Da 11:6,https://upload.wikimedia.org/wikipedia/commons/5/50/Antiochos_II_Theos_portrait.jpg,,,,,King of the North,
-246,,,,,,,,,Seleucus II,King of the North in Da 11:7-9,https://upload.wikimedia.org/wikipedia/commons/3/38/Coin_of_Seleucus_II_Callinicus_%28cropped%29%2C_Antioch_mint.jpg,,,,,King of the North,
-246,,,,,,,,,Ptolemy III,King of the South in Da 11:7-9,https://upload.wikimedia.org/wikipedia/commons/thumb/5/57/Ptolomeo_III.JPG/330px-Ptolomeo_III.JPG,,,,,King of the South,
-222,,,,,,,,,Antiochus III,King of the North in Da 11:13-17,https://upload.wikimedia.org/wikipedia/commons/thumb/d/d5/Male_head_wearing_a_head-band_resembling_king_of_Syria_Antiochus_III_%28223%E2%80%93187_BC%29%2C_late_1st_century_BC%E2%80%93early_1st_century_AD%2C_Louvre_Museum_%287462828632%29.jpg/1024px-Male_head_wearing_a_head-band_resembling_king_of_Syria_Antiochus_III_%28223%E2%80%93187_BC%29%2C_late_1st_century_BC%E2%80%93early_1st_century_AD%2C_Louvre_Museum_%287462828632%29.jpg,,,,,King of the North,
-221,,,,,,,,,Ptolemy IV,King of the South in Da 11:10-12,https://upload.wikimedia.org/wikipedia/commons/7/7d/Octadrachm_Ptolemy_IV_BM_CMBMC33.jpg,,,,,King of the South,
-204,,,,,,,,,Ptolemy V,King of the South in Da 11:13-17,https://upload.wikimedia.org/wikipedia/commons/thumb/1/1e/Egypt_-_king_Ptolemaios_V_-_204-203_BC_-_gold_oktadrachm_-_bust_of_Ptolemaios_V_-_cornucopiae_-_Berlin_MK_AM_18203067.jpg/1024px-Egypt_-_king_Ptolemaios_V_-_204-203_BC_-_gold_oktadrachm_-_bust_of_Ptolemaios_V_-_cornucopiae_-_Berlin_MK_AM_18203067.jpg,,,,,King of the South,
-199,,,,,,,,,Antiochus IV,King of the North in Da 11:18-19,https://upload.wikimedia.org/wikipedia/commons/thumb/8/8b/Antiochus_IV_Epiphanes_-_Altes_Museum_-_Berlin_-_Germany_2017.jpg/800px-Antiochus_IV_Epiphanes_-_Altes_Museum_-_Berlin_-_Germany_2017.jpg,,,,,King of the North,
-198,,,,,,,,,Judea comes under Seleucid control,,,,,,,King of the North,
-180,,,,,,,,,Ptolemy VI,King of the South in Da 11:18-19,https://upload.wikimedia.org/wikipedia/commons/thumb/2/22/Ring_with_engraved_portrait_of_Ptolemy_VI_Philometor_%283rd%E2%80%932nd_century_BCE%29_-_2009.jpg/1024px-Ring_with_engraved_portrait_of_Ptolemy_VI_Philometor_%283rd%E2%80%932nd_century_BCE%29_-_2009.jpg,,,,,King of the South,
-167,,,,,,,,,A pagan oltar is erected in the temple,Antiochus IV desecrates the temple by sacrificing there a pig to Zeus,,,,,,Events,
-165,,,,,,,,,Rededication of temple after desecration by Greek idolatry; Festival of Dedication,John 10:22,,,,,,Events,
-164,,,,,,,,,Judas Maccabaeus rededicates the temple to Jehovah,,,,,,,Events,
-146,,,,,,,,,Destruction of Corinth,The Greek city destroyed by Romans,,,,,,Events,
-86,,,,,,,,,Birth of Anna,"Lu 2:36,37",https://wol.jw.org/en/wol/mp/r1/lp-e/w14/2014/293,,,,,Persons,
-63,,,,,,,,,"Rome, sixth world power, rules Jerusalem",John 19:15; Rev. 17:10,,,,,,World powers,
-46,,,,,,,,46 BCE - 44 BCE,Julius Caesar,"Appointed dictator for ten years, but murdered in 44 B.C.E. Title Caesar is taken from his family name",,,,,,Events,
-44,,,,,,,,,Reestablish of Corint,"By Julius Cesar, as a Roman colony <br>Soon after becomes part of the province of Achia",,,,,,Events,
-37,,,,,,,,About 37 BCE,Herod (appointed king by Rome) takes Jerusalem by storm,,,,,,,Events,
-27,,,,,,,,,Caesar Augustus,King of the North in Da 11:20,https://upload.wikimedia.org/wikipedia/commons/thumb/0/04/Glyptothek_M%C3%BCnchen_%E2%80%93_18.04.2022_%E2%80%93_Augustus_Bevilacqua_%284%29.jpg/800px-Glyptothek_M%C3%BCnchen_%E2%80%93_18.04.2022_%E2%80%93_Augustus_Bevilacqua_%284%29.jpg,,,,,King of the North,
-18,,,,,,,,18 or 17 BCE,Herod begins his rebuilding project in Jerusalem,,https://assetsnffrgf-a.akamaihd.net/assets/m/2015728/univ/art/2015728_univ_cnt_1_xl.jpg,,,,,Events,
-3,7,,,,,,,3 BCE,Gabriel foretells the birth of John,,https://wol.jw.org/en/wol/mp/r1/lp-e/jy/2015/22,,,,,Jesus,
-2,1,,,,,,,2 BCE,Gabriel foretells the birth of Jesus,,https://assetsnffrgf-a.akamaihd.net/assets/m/1102013263/univ/art/1102013263_univ_cnt_2_xl.jpg,,,,,Jesus,
-2,2,,,,,,,2 BCE,Mary visits Elizabeth,,https://wol.jw.org/en/wol/mp/r1/lp-e/jy/2015/35,,,,,Jesus,
-2,3,,,,,,,2 BCE,Birth of John the Baptizer,Luke 1:60; 2:7,https://wol.jw.org/en/wol/mp/r1/lp-e/jy/2015/44,,,,,Persons,
-2,8,,,,,,,2 BCE,Census,,https://wol.jw.org/en/wol/mp/r1/lp-e/jy/2015/66,,,,,Jesus,
-2,10,,,,,,,2 BCE,Birth of Jesus,Luke 1:60; 2:7,,,,,,Jesus,
-2,11,,,,,,,2 BCE,Jesus brought to the temple,,https://wol.jw.org/en/wol/mp/r1/lp-e/jy/2015/76,,,,,Jesus,
-1,1,,,,,,,1 BCE,Astrologers,,https://wol.jw.org/en/wol/mp/r1/lp-e/jy/2015/86,,,,,Jesus,
-1,2,,,,,,,"Before March, 1 BCE",Herod kills babies,,https://wol.jw.org/en/wol/mp/r1/lp-e/jy/2015/98,,,,,Jesus,
-1,,,,,,,,,Herod the Great dies,,,,,,,Events,
12,4,,,,,,,"Passover, 12",12 year old Jesus questions teachers,,https://wol.jw.org/en/wol/mp/r1/lp-e/jy/2015/118,,,,,Jesus,
14,,,,,,,,,Caesar Tiberius,King of the North in Da 11:21-24,https://wol.jw.org/en/wol/mp/r1/lp-e/nwtsty/2023/607,,,,,King of the North,
29,3,,,,,,,"Spring, 29",John the Baptist Prepares the Way,"Wilderness, Jordan <br>Matthew 3:1-12 <br>Mark 1:1-8 <br>Luke 3:1-18 <br>John 1:6-8, 15-28",https://wol.jw.org/en/wol/mp/r1/lp-e/jy/2015/130,,,,,Jesus,
29,10,29,,,,,,"29, fall",Baptism of Jesus,Jordan River <br>Matthew 3:13-17 <br>Mark 1:9-11 <br>Luke 3:21-38 <br>John 1:32-34,https://wol.jw.org/en/wol/mp/r1/lp-e/jy/2015/141,,,,,Jesus,
29,10,30,,,,,,"29, fall",Fasting and temptation of Jesus,"Judean Wilderness <br>Matthew 4:1-11 <br>Mark 1:12,13 <br>Luke 4:1-13",https://wol.jw.org/en/wol/mp/r1/lp-e/jy/2015/150,,,,,Jesus,
29,11,8,,,,,,"29, fall",John the Baptizer's testimony concerning Jesus,"Bethany beyond Jordan <br>John 1:15, 29-34",https://wol.jw.org/en/wol/mp/r1/lp-e/jy/2015/158,,,,,Jesus,
29,11,8,,,,,,"29, fall",First disciples of Jesus,Upper Jordan Valley <br>John 1:35-51,https://wol.jw.org/en/wol/mp/r1/lp-e/jy/2015/159,,,,,Jesus,
29,,,,,,,,"29, fall",Jesus' first miracle; he visits Capernaum,Cana of Galilee; Capernaum <br>John 2:1-12,https://wol.jw.org/en/wol/mp/r1/lp-e/jy/2015/168,,,,,Jesus,
30,3,15,,,,,,"30, Passover",Passover celebration; drives traders from temple,Jerusalem <br>John 2:13-25,https://wol.jw.org/en/wol/mp/r1/lp-e/jy/2015/178,,,,,Jesus,
30,3,15,,,,,,"30, Passover",Jesus' discussion with Nicodemus,Jerusalem <br>John 3:1-21,https://wol.jw.org/en/wol/mp/r1/lp-e/jy/2015/186,,,,,Jesus,
30,4,15,,,,,,"30, after Passover",Jesus' disciples baptize; John to decrease,Judea; Aenon <br>John 3:22-36,https://wol.jw.org/en/wol/mp/r1/lp-e/jy/2015/196,,,,,Jesus,
30,4,16,,,,,,"30, after Passover",John imprisoned; Jesus leaves for Galilee,"Tiberias <br>Matthew 4:12;14:3-5 <br>Mark 1:14; 6:17-20 <br>Luke 3:19,20; 4:14 <br>John 4:1-3",https://wol.jw.org/en/wol/mp/r1/lp-e/jy/2015/197,,,,,Jesus,
30,4,17,,,,,,"30, spring",Samaritan woman,"Sychar, in Samaria <br>John 4:4-43",https://wol.jw.org/en/wol/mp/r1/lp-e/jy/2015/206,,,,,Jesus,
30,4,18,,,,,,"30, spring","First announces, ""The kingdom of the heavens has drawn near""","Galilee <br>Matthew 4:17 <br>Mark 1:14,15 <br>Luke 4:14,15 <br>John 4:44,45",,,,,,Jesus,
30,4,18,,,,,,30,Heals the boy of a royal official,Cana <br>Matthew 4:13-16 <br>Luke 4:16-31 <br>John 4:46-54,https://wol.jw.org/en/wol/mp/r1/lp-e/jy/2015/220,,,,,Jesus,
30,4,18,,,,,,30,Reads from Isaiah in synagogue,Nazareth<br>Matthew 4:13-16 <br>Luke 4:16-31 <br>John 4:46-54,https://wol.jw.org/en/wol/mp/r1/lp-e/jy/2015/230,,,,,Jesus,
30,4,18,,,,,,30,Rejected at home; moves to Capernaum,Nazareth; Capernaum <br>Matthew 4:13-16 <br>Luke 4:16-31 <br>John 4:46-54,https://wol.jw.org/en/wol/mp/r1/lp-e/jy/2015/232,,,,,Jesus,
30,12,15,,,,,,c.  30-31,"Call of Simon and Andrew, James and John","Sea of Galilee, near Capernaum <br>Matthew 4:18-22 <br>Mark 1:16-20 <br>Luke 5:1-11",https://wol.jw.org/en/wol/mp/r1/lp-e/jy/2015/240,,,,,Jesus,
30,12,16,,,,,,c.  30-31,"Heals demoniac, Peter's mother- in-law and many others",Capernaum <br>Matthew 8:14-17 <br>Mark 1:21-34 <br>Luke 4:31-41,https://wol.jw.org/en/wol/mp/r1/lp-e/jy/2015/250,,,,,Jesus,
30,12,17,,,,,,c.  30-31,"First tour of Galilee, with the four now called","Galilee <br>Matthew 4:23-25 <br>Mark 1:35-39 <br>Luke 4:42,43",https://wol.jw.org/en/wol/mp/r1/lp-e/jy/2015/259,,,,,Jesus,
30,12,18,,,,,,c.  30-31,Leper healed; multitudes flock to Jesus,Galilee <br>Matthew 8:1-4 <br>Mark 1:40-45 <br>Luke 5:12-16,https://wol.jw.org/en/wol/mp/r1/lp-e/jy/2015/268,,,,,Jesus,
31,1,1,,,,,,c. 31,Heals paralytic,Capernaum <br>Matthew 9:1-8 <br>Mark 2:1-12 <br>Luke 5:17-26,https://wol.jw.org/en/wol/mp/r1/lp-e/jy/2015/276,,,,,Jesus,
31,3,1,,,,,,"31, nearing Passower",Call of Matthew; feast with tax collectors,Capernaum <br>Matthew 9:9-17 <br>Mark 2:13-22 <br>Luke 5:27-39,https://wol.jw.org/en/wol/mp/r1/lp-e/jy/2015/286,,,,,Jesus,
31,3,2,,,,,,"31, nearing Passower",Preaches in Judean synagogues,Judea <br>Luke 4:44,,,,,,Jesus,
31,3,3,,,,,,"31, Sabbath before Passover",Attends feast; heals man; rebukes Pharisees,Jerusalem <br>John 5:1-47,https://wol.jw.org/en/wol/mp/r1/lp-e/jy/2015/304,,,,,Jesus,
31,3,4,,,,,,"31, Sabbath after Passover",Disciples pluck ears of grain on the Sabbath,Returning from Jerusalem to Galilee <br>Matthew 12:1-8 <br>Mark 2:23-28 <br>Luke 6:1-5,https://wol.jw.org/en/wol/mp/r1/lp-e/jy/2015/320,,,,,Jesus,
31,3,5,,,,,,"31, spring",Heals hand on Sabbath,Likely Galile <br>Matthew 12:9-14 <br>Mark 3:1-6 <br>Luke 6:6-11,https://wol.jw.org/en/wol/mp/r1/lp-e/jy/2015/330,,,,,Jesus,
31,3,6,,,,,,"31, spring",Crowds press in Jesus,Sea of Galilee <br>Matthew 12:15-21 <br>Mark 3:7-12,https://wol.jw.org/en/wol/mp/r1/lp-e/jy/2015/340,,,,,Jesus,
31,3,7,,,,,,"31, spring",The 12 are chosen as apostles,Mountain near Capernaum <br>Mark 3:13-19 <br>Luke 6:12-16,https://wol.jw.org/en/wol/mp/r1/lp-e/jy/2015/349,,,,,Jesus,
31,3,8,,,,,,"31, spring",The Sermon on the Mount,Near Capernaum <br>Matthew 5:1-7:29 <br>Luke 6:17-49,https://wol.jw.org/en/wol/mp/r1/lp-e/jy/2015/358,,,,,Jesus,
31,3,9,,,,,,"31, spring",Heals army officer's servant,Capernaum <br>Matthew 8:5-13 <br>Luke 7:1-10,https://wol.jw.org/en/wol/mp/r1/lp-e/jy/2015/392,,,,,Jesus,
31,5,1,,,,,,31,Raises widow's son,Nain <br>Luke 7:11-17,https://wol.jw.org/en/wol/mp/r1/lp-e/jy/2015/405,,,,,Jesus,
31,6,1,,,,,,31,John in prison sends disciples to Jesus,Galilee <br>Matthew 11:2-19 <br>Luke 7:18-35,https://wol.jw.org/en/wol/mp/r1/lp-e/jy/2015/414,,,,,Jesus,
31,7,1,,,,,,31,Cities reproached; revelation to babes; yoke kindly,Galilee <br>Matthew 11:20-30,https://wol.jw.org/en/wol/mp/r1/lp-e/jy/2015/424,,,,,Jesus,
31,8,1,,,,,,31,Feet anointed by sinful woman; illustration of debtors,Galilee <br>Luke 7:36-50,https://wol.jw.org/en/wol/mp/r1/lp-e/jy/2015/432,,,,,Jesus,
31,9,1,,,,,,31,"Second preaching tour of Galilee, with the 12",Galilee <br>Luke 8:1-3,,,,,,Jesus,
31,10,1,,,,,,31,Demoniac healed; league with Beelzebub charged,Galilee <br>Matthew 12:22-37 <br>Mark 3:19-30,https://wol.jw.org/en/wol/mp/r1/lp-e/jy/2015/443,,,,,Jesus,
31,10,2,,,,,,31,Scribes and Pharisees seek a sign,Galilee <br>Matthew 12:38-45,,,,,,Jesus,
31,10,3,,,,,,31,Christ's disciples his close relatives,Galilee <br>Matthew 12:46-50 <br>Mark 3:31-35 <br>Luke 8:19-21,,,,,,Jesus,
31,11,1,,,,,,31 or 32,"Illustrations: sower, weeds, others; explanations",Sea of Galilee near Capernaum<br>Matthew 13:1-53 <br>Mark 4:1-34 <br>Luke 8:4-18,https://wol.jw.org/en/wol/mp/r1/lp-e/jy/2015/464,,,,,Jesus,
31,11,2,,,,,,31 or 32,Windstorm stilled in the crossing of the lake,"Sea of Galilee <br>Matthew 8:18,23-27 <br>Mark 4:35-41 <br>Luke 8:22-25",https://wol.jw.org/en/wol/mp/r1/lp-e/jy/2015/480,,,,,Jesus,
31,11,3,,,,,,31 or 32,Two demoniacs healed; swine possessed by demons,"Gadara, SE of Sea of Galilee <br>Matthew 8:28-34 <br>Mark 5:1-20 <br>Luke 8:26-39",https://wol.jw.org/en/wol/mp/r1/lp-e/jy/2015/488,,,,,Jesus,
31,11,4,,,,,,31 or 32,Jairus' daughter raised; woman healed,Probably Capernaum <br>Matthew 9:18-26 <br>Mark 5:21-43 <br>Luke 8:40-56,https://wol.jw.org/en/wol/mp/r1/lp-e/jy/2015/508,,,,,Jesus,
31,12,15,,,,,,31 or 32,Heals two blind men and a mute demoniac,Capernaum (?) <br>Matthew 9:27-34,https://wol.jw.org/en/wol/mp/r1/lp-e/jy/2015/518,,,,,Jesus,
31,12,16,,,,,,31 or 32,"Revisits city where reared, and is again rejected",Nazareth <br>Matthew 13:54-58 <br>Mark 6:1-6,,,,,,Jesus,
31,12,17,,,,,,31 or 32,"Third tour of Galilee, expanded as apostles sent",Galilee <br>Matthew 9:35-11:1 <br>Mark 6:6-13 <br>Luke 9:1-6,https://wol.jw.org/en/wol/mp/r1/lp-e/jy/2015/526,,,,,Jesus,
31,12,18,,,,,,31 or 32,John the Baptizer beheaded; Herod's guilty fears,Tiberias <br>Matthew 14:1-12 <br>Mark 6:14-29 <br>Luke 9:7-9,https://wol.jw.org/en/wol/mp/r1/lp-e/jy/2015/546,,,,,Jesus,
32,2,15,,,,,,"32, near Passover","Apostles return from preaching tour; 5,000 fed","NE side Sea of Galilee, beyond Bethsaida (Capernaum?) <br>Matthew 14:13-21 <br>Mark 6:30-44 <br>Luke 9:10-17 <br>John 6:1-13",https://wol.jw.org/en/wol/mp/r1/lp-e/jy/2015/556,,,,,Jesus,
32,2,16,,,,,,"32, near Passover",Attempt to crown Jesus; he walks on sea; cures,NE side Sea of Galilee; Gennesaret <br>Matthew 14:22-36 <br>Mark 6:45-56 <br>John 6:14-21,https://wol.jw.org/en/wol/mp/r1/lp-e/jy/2015/566,,,,,Jesus,
32,2,17,,,,,,"32, near Passover","Identifies ""bread of life""; many disciples fall away",Capernaum <br>John 6:22-71,https://wol.jw.org/en/wol/mp/r1/lp-e/jy/2015/574,,,,,Jesus,
32,4,1,,,,,,"After Passover, 32",JESUS EXPOSES HUMAN TRADITIONS,"Probably Capernaum <br>Matthew 15:1-20 <br>Mark 7:1-23 
  <br>John 7:1",https://wol.jw.org/en/wol/mp/r1/lp-e/jy/2015/590,,,,,Jesus,
32,4,2,,,,,,"Spring, 32",PHOENICIAN WOMAN; Deaf Man,Phoenicia; Decapolis <br>Matthew 15:21-31 <br>Mark 7:24-37,https://wol.jw.org/en/wol/mp/r1/lp-e/jy/2015/598,,,,,Jesus,
32,4,3,,,,,,"Spring, 32","4,000 fed",Decapolis <br>Matthew 15:32-38 <br>Mark 8:1-21,,,,,,Jesus,
32,4,4,,,,,,"Spring, 32",Warns against leaven of Pharisees; heals blind,NE side Sea of Galilee; Bethsaida <br>Matthew 16:5-12 <br>Mark 8:13-26,,,,,,Jesus,
32,4,5,,,,,,"Spring/Summer, 32","Jesus the Messiah; foretells death, resurrection",Caesarea Philippi <br>Matthew 16:13-28 <br>Mark 8:27-9:1 <br>Luke 9:18-27,https://wol.jw.org/en/wol/mp/r1/lp-e/jy/2015/616,,,,,Jesus,
32,4,6,,,,,,"Spring/Summer, 32",Transfiguration,Probably Mt. Hermon <br>Matthew 17:1-13 <br>Mark 9:2-13 <br>Luke 9:28-36,https://wol.jw.org/en/wol/mp/r1/lp-e/jy/2015/626,,,,,Jesus,
32,5,20,,,,,,"Spring/Summer, 32",Heals demoniac that disciples could not heal,Caesarea Philippi <br>Matthew 17:14-20 <br>Mark 9:14-29 <br>Luke 9:37-43,https://wol.jw.org/en/wol/mp/r1/lp-e/jy/2015/634,,,,,Jesus,
32,5,22,,,,,,"Spring/Summer, 32",Again foretells his death and resurrection,"Galilee <br>Matthew 17:22,23 <br>Mark 9:30-32 <br>Luke 9:43-45",,,,,,Jesus,
32,6,1,,,,,,"Spring/Summer, 32",Tax money miraculously provided,Capernaum <br>Matthew 17:24-27 <br>Luke 9:46-50,https://wol.jw.org/en/wol/mp/r1/lp-e/jy/2015/645,,,,,Jesus,
32,6,3,,,,,,"Spring/Summer, 32",Stumbling; settling faults,Capernaum <br>Matthew 18:1-35 <br>Mark 9:33-50 <br>Luke 9:51-62,https://wol.jw.org/en/wol/mp/r1/lp-e/jy/2015/655,,,,,Jesus,
32,9,1,,,,,,"Autumn, 32",Leaving for Festival of Booths,Galilee; Samaria <br>Matthew 8:19-22 <br>John 7:2-10,https://wol.jw.org/en/wol/mp/r1/lp-e/jy/2015/678,,,,,Jesus,
32,9,4,,,,,,"Autumn, 32 (Festival of  Booths)",Jesus' public teaching at Festival of Booths,Jerusalem <br>John 7:11-9:41,https://wol.jw.org/en/wol/mp/r1/lp-e/jy/2015/690,,,,,Jesus,
32,10,1,,,,,,"Autumn, 32 (Festival of  Booths)",Officers to Arrest Jesus,Jerusalem <br>John 7:32-52,https://wol.jw.org/en/wol/mp/r1/lp-e/jy/2015/698,,,,,Jesus,
32,10,3,,,,,,"Autumn, 32 (Festival of  Booths)",Curing a blind,Jerusalem <br>John 9:1-41,https://wol.jw.org/en/wol/mp/r1/lp-e/jy/2015/1385,,,,,Jesus,
32,10,6,,,,,,"32, After festival of Booths",70 sent to preach,Probably Judea <br>Luke 10:1-24,https://wol.jw.org/en/wol/mp/r1/lp-e/jy/2015/716,,,,,Jesus,
32,10,8,,,,,,"32, Autumn",Tells of neighborly Samaritan,Judea <br>Luke 10:25-37,https://wol.jw.org/en/wol/mp/r1/lp-e/jy/2015/724,,,,,Jesus,
32,10,10,,,,,,"32, Autumn","At home of Martha, Mary",Bethany <br>Luke 10:38-42,https://wol.jw.org/en/wol/mp/r1/lp-e/jy/2015/732,,,,,Jesus,
32,10,12,,,,,,"32, Autumn",Again teaches model prayer; persistence in asking,Probably Judea <br>Luke 11:1-13,,,,,,Jesus,
32,10,14,,,,,,"32, Autumn",Refutes false charge; shows generation condemnable,Probably Judea <br>Luke 11:14-36,,,,,,Jesus,
32,10,16,,,,,,"32, Autumn","At Pharisee's table, Jesus denounces hypocrites",Probably Judea <br>Luke 11:37-54,https://assetsnffrgf-a.akamaihd.net/assets/m/1102014676/univ/art/1102014676_univ_lsr_xl.jpg,,,,,Jesus,
32,10,18,,,,,,"32, Autumn",Discourse on God's care; faithful steward,Probably Judea <br>Luke 12:1-59,https://assetsnffrgf-a.akamaihd.net/assets/m/1102014678/univ/art/1102014678_univ_lsr_xl.jpg,,,,,Jesus,
32,10,20,,,,,,"32, Autumn",Heals crippled woman on Sabbath; three illustrations,Probably Judea <br>Luke 13:1-21,https://assetsnffrgf-a.akamaihd.net/assets/m/1102014679/univ/art/1102014679_univ_lsr_xl.jpg,,,,,Jesus,
32,11,1,,,,,,"32, November",Jesus at Festival of Dedication; Fine Shepherd,Jerusalem <br>John 10:1-39,https://assetsnffrgf-a.akamaihd.net/assets/m/1102014680/univ/art/1102014680_univ_lsr_xl.jpg,,,,,Jesus,
32,11,3,,,,,,"32, Autumn",Many put faith in Jesus,Beyond Jordan <br>John 10:40-42,,,,,,Jesus,
32,11,5,,,,,,"32, Autumn","Teaches in cities, villages, moving toward Jerusalem",Perea (beyond Jordan) <br>Luke 13:22,,,,,,Jesus,
32,11,7,,,,,,"32, Autumn",Kingdom entrance; Herod's threat; house desolate,Perea <br>Luke 13:23-35,https://wol.jw.org/en/wol/mp/r1/lp-e/jy/2015/801,,,,,Jesus,
32,11,9,,,,,,"32, Autumn",Humility; illustration of grand evening meal,Probably Perea <br>Luke 14:1-24,https://wol.jw.org/en/wol/mp/r1/lp-e/jy/2015/812,,,,,Jesus,
32,12,1,,,,,,Late 32,Counting the cost of discipleship,Probably Perea <br>Luke 14:25-35,https://wol.jw.org/en/wol/mp/r1/lp-e/jy/2015/820,,,,,Jesus,
32,12,3,,,,,,Late 32,"Illustrations: lost sheep, lost coin, prodigal son",Probably Perea <br>Luke 15:1-32,https://wol.jw.org/en/wol/mp/r1/lp-e/jy/2015/830,,,,,Jesus,
32,12,5,,,,,,Late 32,"Illustrations: unrighteous steward, rich man and Lazarus",Probably Perea <br>Luke 16:1-31,https://wol.jw.org/en/wol/mp/r1/lp-e/jy/2015/842,,,,,Jesus,
32,12,7,,,,,,Late 32/early 33,Forgiveness and faith; good-for-nothing slaves,Probably Perea <br>Luke 17:1-10,,,,,,Jesus,
33,1,1,,,,,,Early 33,Lazarus raised from the dead by Jesus,Bethany <br>John 11:1-46,https://wol.jw.org/en/wol/mp/r1/lp-e/jy/2015/1356,,,,,Jesus,
33,1,4,,,,,,Early 33,Caiaphas' counsel against Jesus withdraws,Jerusalem; Ephraim <br>John 11:47-54,,,,,,Jesus,
33,1,7,,,,,,Early 33,Heals and teaches en route through Samaria and Galilee,Samaria; Galilee <br>Luke 17:11-37,https://wol.jw.org/en/wol/mp/r1/lp-e/jy/2015/911,,,,,Jesus,
33,1,10,,,,,,Early 33,"Illustrations: importunate widow, Pharisee and tax collector",Samaria or Galilee <br>Luke 18:1-14,https://wol.jw.org/en/wol/mp/r1/lp-e/jy/2015/932,,,,,Jesus,
33,1,13,,,,,,Early 33,Swings down through Perea; teaches on divorce,Perea <br>Matthew 19:1-12 <br>Mark 10:1-12,,,,,,Jesus,
33,1,16,,,,,,Early 33,Receives and blesses children,Perea <br>Matthew 19:13-15 <br>Mark 10:13-16 <br>Luke 18:15-17,https://wol.jw.org/en/wol/mp/r1/lp-e/jy/2015/942,,,,,Jesus,
33,1,19,,,,,,Early 33,Rich young man; illustration of laborers in vineyard,Perea <br>Matthew 19:16-20:16 <br>Mark 10:17-31 <br>Luke 18:18-30,https://wol.jw.org/en/wol/mp/r1/lp-e/jy/2015/950,,,,,Jesus,
33,2,1,,,,,,Early 33,"Third time Jesus foretells his death, resurrection",Probably Perea <br>Matthew 20:17-19 <br>Mark 10:32-34 <br>Luke 18:31-34,,,,,,Jesus,
33,2,4,,,,,,Early 33,Request for James' and John's seating in Kingdom,Probably Perea <br>Matthew 20:20-28 <br>Mark 10:35-45,https://wol.jw.org/en/wol/mp/r1/lp-e/jy/2015/966,,,,,Jesus,
33,3,10,,,,,,"Nearing Passover, 33","Passing through Jericho, he heals two blind men; visits Zacchaeus; illustration of the ten minas",Jericho <br>Matthew 20:29-34 <br>Mark 10:46-52 <br>Luke 18:35-19:28,https://wol.jw.org/en/wol/mp/r1/lp-e/jy/2015/976,,,,,Jesus,
33,,,,,,,,33 Nisan 8,Arrives at Bethany six days before Passover,Bethany <br>John 11:55-12:1,,,,,,Jesus,
33,,,,,,,,33 Nisan 9,Feast at Simonthe leper's house; Mary anoints Jesus; Jews come to see Jesus and Lazarus,Bethany <br>Matthew 26:6-13 <br>Mark 14:3-9 <br>John 12:2-11,,,,,,Jesus,
33,,,,,,,,33 Nisan 9,Christ's triumphal entry into Jerusalem,"Bethany-Jerusalem <br>Matthew 21:1-11, 14-17 <br>Mark 11:1-11 <br>Luke 19:29-44 <br>John 12:12-19",,,,,,Jesus,
33,,,,,,,,33 Nisan 10,Barren fig tree cursed; second temple cleansing,"Bethany-Jerusalem <br>Matthew 21:18,19, 12,13 <br>Mark 11:12-17 <br>Luke 19:45,46",,,,,,Jesus,
33,,,,,,,,33 Nisan 10,Chief priests and scribes scheme to destroy Jesus,"Jerusalem <br>Mark 11:18 <br>Luke 19:47,48",,,,,,Jesus,
33,,,,,,,,33 Nisan 10,Discussion with Greeks; unbelief of Jews,Jerusalem <br>John 12:20-50,,,,,,Jesus,
33,,,,,,,,33 Nisan 11,Barren fig tree found withered,Bethany-Jerusalem <br>Matthew 21:19-22 <br>Mark 11:20-25,,,,,,Jesus,
33,,,,,,,,33 Nisan 11,Christ's authority questioned; illustration of two sons,Jerusalem <br>Matthew 21:23-32 <br>Mark 11:27-33 <br>Luke 20:1-8,,,,,,Jesus,
33,,,,,,,,33 Nisan 11,"Illustrations of wicked cultivators, marriage feast","Jerusalem, temple <br>Matthew 21:33-22:14 <br>Mark 12:1-12 <br>Luke 20:9-19",,,,,,Jesus,
33,,,,,,,,33 Nisan 11,"Catch questions on tax, resurrection, commandment","Jerusalem, temple <br>Matthew 22:15-40 <br>Mark 12:13-34 <br>Luke 20:20-40",,,,,,Jesus,
33,,,,,,,,33 Nisan 11,Jesus' silencing question on Messiah's descent,"Jerusalem, temple <br>Matthew 22:41-46 <br>Mark 12:35-37 <br>Luke 20:41-44",,,,,,Jesus,
33,,,,,,,,33 Nisan 11,Scathing denunciation of scribes and Pharisees,"Jerusalem, temple <br>Matthew 23:1-3 <br>Mark 12:38-40 <br>Luke 20:45,47",,,,,,Jesus,
33,,,,,,,,33 Nisan 11,The widow's mite,"Jerusalem, temple <br>Mark 12:41-44 <br>Luke 21:1-4",,,,,,Jesus,
33,,,,,,,,33 Nisan 11,"Prediction of Jerusalem's fall, Jesus' presence, end of system",Mount of Olives <br>Matthew 24:1-51 <br>Mark 13:1-37 <br>Luke 21:5-38,,,,,,Jesus,
33,,,,,,,,33 Nisan 11,"Illustrations: ten virgins, talents, sheep and goats",Mount of Olives <br>Matthew 25:1-46,,,,,,Jesus,
33,,,,,,,,33 Nisan 12,Religious leaders plot Jesus' death,"Jerusalem <br>Matthew 26:1-5 <br>Mark 14:1,2
 
  <br>Luke 22:1,2",,,,,,Jesus,
33,,,,,,,,33 Nisan 12,Judas bargains with priests for Jesus' betrayal,Jerusalem <br>Matthew 26:14-16 <br>Mark 14:10-11 <br>Luke 22:3-6,,,,,,Jesus,
33,,,,,,,,33 Nisan 13 (Thursday afternoon),Arrangements for the Passover,Near and in Jerusalem <br>Matthew 26:17-19 <br>Mark 14:12-16 <br>Luke 22:7-1,,,,,,Jesus,
33,,,,,,,,33 Nisan 14,Passover feast eaten with the 12 Jesus washes the feet of his apostles,"Jerusalem <br>Matthew 26:20,21 <br>Mark 14:17,18 <br>Luke 22:14-18 <br>John 13:1-20",,,,,,Jesus,
33,,,,,,,,33 Nisan 14,Judas identified as traitor and is dismissed,Jerusalem <br>Matthew 26:21-25 <br>Mark 14:18-21 <br>Luke 22:21-23 <br>John 13:21-30,,,,,,Jesus,
33,,,,,,,,33 Nisan 14,Memorial supper instituted with the 11,"Jerusalem <br>Matthew 26:26-29 <br>Mark 14:22-25 <br>Luke 22:19,20, 24-30 
  <br>John [1 Cor. 11: 23-25]",,,,,,Jesus,
33,,,,,,,,33 Nisan 14,Denial by Peter and dispersion of apostles foretold,Jerusalem <br>Matthew 26:31-35 <br>Mark 14:27-31 <br>Luke 22:31-38 <br>John 13:31-38,,,,,,Jesus,
33,,,,,,,,33 Nisan 14,Helper; mutual love; tribulation; Jesus' prayer,Jerusalem <br>John 14:1-17:26,,,,,,Jesus,
33,,,,,,,,33 Nisan 14,Agony in the garden; Jesus’ betrayal and arrest,"Gethsemane <br>Matthew 26:30, 36-56 <br>Mark 14:26, 32-52 <br>Luke 22:39-53 <br>John 18:1-12",,,,,,Jesus,
33,,,,,,,,33 Nisan 14,"Questioned by Annas; trial by Caiaphas, Sanhedrin; Peter denies",Jerusalem <br>Matthew 26:57-27:1 <br>Mark 14:53-15:1 <br>Luke 22:54-71 <br>John 18:13-27,,,,,,Jesus,
33,,,,,,,,33 Nisan 14,Judas the betrayer hangs himself,"Jerusalem <br>Matthew 27:3-10 <br>Luke [Acts 1:18,19]",,,,,,Jesus,
33,,,,,,,,33 Nisan 14,"Before Pilate, then Herod. and then back to Piiate","Jerusalem <br>Matthew 27:2,11-14 <br>Mark 15:1-5 <br>Luke 23:1-12 <br>John 18:28-3",,,,,,Jesus,
33,,,,,,,,33 Nisan 14,"Delivered to death, after Pilate seeks his release",Jerusalem <br>Matthew 27:15-30 <br>Mark 15:6-19 <br>Luke 23:13-25 <br>John 18:39-19:16,,,,,,Jesus,
33,,,,,,,,"33 Nisan 14 (c. 3:00p.m., Friday)","Jesus' death on a torture stake, and accompanying events","Golgotha, Jerusalem <br>Matthew 27:31-56 <br>Mark 15:20-41 <br>Luke 23:26-49 <br>John 19:16-30",,,,,,Jesus,
33,,,,,,,,"33 Nisan 14 (c. 3:00p.m., Friday)",Jesus' body removed from the torture stake and buried,Jerusalem <br>Matthew 27:57-61 <br>Mark 15:42-47 <br>Luke 23:50-56 <br>John 19:31-42,,,,,,Jesus,
33,,,,,,,,33 Nisan 15,Priests and Pharisees get guard for tomb,Jerusalem <br>Matthew 27:62-66,,,,,,Jesus,
33,,,,,,,,33 Nisan 16,Jesus' resurrection and events of that day,Jerusalem and vicinity <br>Matthew 28:1-15 <br>Mark 16:1-8 <br>Luke 24:1-49 <br>John 20:1-25,,,,,,Jesus,
33,,,,,,,,33 a. Nisan 14,Subsequent appearances of Jesus Christ,"Jerusalem; 
 Galilee <br>Matthew 28:16-2 <br>Mark [1Cor. 15:5-71] <br>Luke [Acts 1:3-8] <br>John 20:26-21:25",,,,,,Jesus,
33,,,,,,,,33 Iyyar 25,"Jesus' ascension, 40th day after his resurrection","Mount of Olives, 
 near Bethany <br>Matthew [Acts1:9-12] <br>Luke 24:50-5",,,,,,Jesus,
33,,,,,,,,,Nisan 14: new covenant,,,,,,,Covenants,
33,,,,,,,,,Nisan 14: kingdom covenant,,,,,,,Covenants,
33,,,,,,,,,Nisan 16: the resurrection of Jesus,Matt. 28:1-10,,,,,,Events,
33,,,,,,,,"Sivan 6, Pentecost",Outpouring of spirit,"Peter opens the way for Jews to Christian congregation <br>Acts 2:1-17, 38",https://assetsnffrgf-a.akamaihd.net/assets/m/2014846/univ/art/2014846_univ_lsr_lg.jpg,,,,,Events,
36,,,,,,,,,Peter visits Cornelius,"...the first one of the uncircumcised people of the nations to enter the Christian congregation <br>Acts 10:1, 45",https://assetsnffrgf-a.akamaihd.net/assets/m/1102016107/univ/art/1102016107_univ_lsr_xl.jpg,,,,,Events,
36,,,,,,,,455 BCE-36 CE,70 weeks ends,Dan. 9:24-27,,,,,,Time periods,
41,,,,,,,,About 41 CE,Matthew writes the Gospel entitled “Matthew”,,https://assetsnffrgf-a.akamaihd.net/assets/m/502012493/univ/art/502012493_univ_lsr_xl.jpg,,,,,Bible writing,
41,,,,,,,,,Paul’s vision of “the third heaven”,2 Cor. 12:2-4,https://wol.jw.org/en/wol/mp/r1/lp-e/w18/2018/1196,,,,,Events,
41,,,,,,,,,Claudius,,https://wol.jw.org/en/wol/mp/r1/lp-e/nwtsty/2023/753,,,,,King of the North,
47,,,,,,,,About 47-48 CE,Paul begins first missionary tour,Acts 13:1–14:28,,,,,,Paul's journeys,
49,,,,,,,,About 49 CE,Governing body's decision on circumcision,"Acts 15:28, 29",https://assetsnffrgf-a.akamaihd.net/assets/m/1102012161/univ/art/1102012161_univ_cnt_1_xl.jpg,,,,,Events,
49,,,,52,,,,About 49-52 CE,Paul’s second missionary tour,Acts 15:36–18:22,,,,,,Paul's journeys,
50,,,,,,,,,Paul in Corinth,Stays there for 18 month,https://encrypted-tbn0.gstatic.com/images?q=tbn:ANd9GcS_fE7FR_po9xM5wrNmbpHK5565izy7EcZh0Fq3NUhnXqxozKaQKE7u62G-hEpYCqWuvR8&usqp=CAU,,,,,Paul's journeys,
50,,,,,,,,About 50 CE,Paul writes 1 Thessalonians from Corinth,1 Thess. 1:1,https://assetsnffrgf-a.akamaihd.net/assets/m/502012493/univ/art/502012493_univ_lsr_xl.jpg,,,,,Bible writing,
52,,,,,,,,About 50-52 CE,Paul writes his letter to the Galatians from Corinth or Syrian Antioch,Gal. 1:1,https://assetsnffrgf-a.akamaihd.net/assets/m/502012493/univ/art/502012493_univ_lsr_xl.jpg,,,,,Bible writing,
51,,,,,,,,About 51 CE,Paul writes 2 Thessalonians from Corinth,2 Thess. 1:1,https://assetsnffrgf-a.akamaihd.net/assets/m/502012493/univ/art/502012493_univ_lsr_xl.jpg,,,,,Bible writing,
52,,,,56,,,,About 52-56 CE,Paul’s third missionary tour,Acts 18:23–21:19,,,,,,Paul's journeys,
54,,,,,,,,,Nero,,https://assetsnffrgf-a.akamaihd.net/assets/m/1200003301/univ/art/1200003301_univ_cnt_6_xl.jpg,,,,,King of the North,
55,,,,,,,,About 55 CE,Paul writes 1 Corinthians from Ephesus and 2 Corinthians from Macedonia,"1 Cor. 15:32; 2 Cor. 2:12, 13",https://assetsnffrgf-a.akamaihd.net/assets/m/502012493/univ/art/502012493_univ_lsr_xl.jpg,,,,,Bible writing,
56,,,,,,,,About 56 CE,Paul writes the letter to the Romans from Corinth,Rom. 16:1,https://assetsnffrgf-a.akamaihd.net/assets/m/502012493/univ/art/502012493_univ_lsr_xl.jpg,,,,,Bible writing,
58,,,,,,,,About 56-58 CE,Luke finishes the Gospel entitled “Luke”,"Luke 1:1, 2",https://assetsnffrgf-a.akamaihd.net/assets/m/502012493/univ/art/502012493_univ_lsr_xl.jpg,,,,,Bible writing,
60,,,,,,,,About 60-61 CE,"From Rome Paul writes: Ephesians, Philippians, Colossians, Philemon","Eph. 3:1, Phil. 4:22, Col. 4:18, Philem. 1",https://assetsnffrgf-a.akamaihd.net/assets/m/502012493/univ/art/502012493_univ_lsr_xl.jpg,,,,,Bible writing,
61,,,,,,,,About 61 CE,Paul writes the letter to the Hebrews from Rome,Heb. 13:24; 10:34,https://assetsnffrgf-a.akamaihd.net/assets/m/502012493/univ/art/502012493_univ_lsr_xl.jpg,,,,,Bible writing,
61,,,,,,,,About 61 CE,Luke completes the book of Acts in Rome,,https://assetsnffrgf-a.akamaihd.net/assets/m/502012493/univ/art/502012493_univ_lsr_xl.jpg,,,,,Bible writing,
61,,,,,,,,About 61-64 CE,Paul writes 1 Timothy from Macedonia,1 Tim. 1:3,https://assetsnffrgf-a.akamaihd.net/assets/m/502012493/univ/art/502012493_univ_lsr_xl.jpg,,,,,Bible writing,
61,,,,,,,,About 61-64 CE,Paul writes Titus from Macedonia (?),Titus 1:5,https://assetsnffrgf-a.akamaihd.net/assets/m/502012493/univ/art/502012493_univ_lsr_xl.jpg,,,,,Bible writing,
62,,,,,,,,Before 62 CE,"James, Jesus’ brother, writes the letter entitled “James” from Jerusalem",Jas. 1:1,https://assetsnffrgf-a.akamaihd.net/assets/m/502012493/univ/art/502012493_univ_lsr_xl.jpg,,,,,Bible writing,
62,,,,,,,,About 62-64 CE,Peter writes 1 Peter from Babylon,1 Pet. 1:1; 5:13,https://assetsnffrgf-a.akamaihd.net/assets/m/502012493/univ/art/502012493_univ_lsr_xl.jpg,,,,,Bible writing,
64,,,,,,,,About 64 CE,Peter writes 2 Peter from Babylon (?),2 Pet. 1:1,https://assetsnffrgf-a.akamaihd.net/assets/m/502012493/univ/art/502012493_univ_lsr_xl.jpg,,,,,Bible writing,
65,,,,,,,,About 60-65 CE,Mark finishes the Gospel entitled “Mark”,,https://assetsnffrgf-a.akamaihd.net/assets/m/502012493/univ/art/502012493_univ_lsr_xl.jpg,,,,,Bible writing,
65,,,,,,,,About 65 CE,Paul writes 2 Timothy from Rome,2 Tim. 4:16-18,https://assetsnffrgf-a.akamaihd.net/assets/m/502012493/univ/art/502012493_univ_lsr_xl.jpg,,,,,Bible writing,
65,,,,,,,,About 65 CE,"Jude, Jesus’ brother, writes “Jude”","Jude 1, 17, 18",https://assetsnffrgf-a.akamaihd.net/assets/m/502012493/univ/art/502012493_univ_lsr_xl.jpg,,,,,Bible writing,
69,,,,,,,,,Vespasian,,https://assetsnffrgf-a.akamaihd.net/assets/m/1200003301/univ/art/1200003301_univ_cnt_7_xl.jpg,,,,,King of the North,
70,,,,,,,,,Jerusalem and its temple destroyed by the Romans,"Dan. 9:27; Matt. 23:37, 38; Luke 19:42-44",https://wol.jw.org/en/wol/mp/r1/lp-e/it-2/2018/320,,,,,Events,
81,,,,,,,,,Domitian,,https://assetsnffrgf-a.akamaihd.net/assets/m/1200003301/univ/art/1200003301_univ_cnt_9_xl.jpg,,,,,King of the North,
96,,,,,,,,About 96 CE,"John, on Patmos, writes Revelation",Rev. 1:9,https://assetsnffrgf-a.akamaihd.net/assets/m/502012493/univ/art/502012493_univ_lsr_xl.jpg,,,,,Bible writing,
96,,,,,,,,,Nerva,John was freed during his reign,,,,,,King of the North,
98,,,,,,,,About 98 CE,"John writes the Gospel entitled “John” and his letters 1, 2, and 3 John","John 21:22, 23",https://assetsnffrgf-a.akamaihd.net/assets/m/502012493/univ/art/502012493_univ_lsr_xl.jpg,,,,,Bible writing,
98,,,,,,,,,Trajan,,,,,,,Events,
98,,,,,,,,About 98 CE,Bible writing completed,,https://assetsnffrgf-a.akamaihd.net/assets/m/502012493/univ/art/502012493_univ_lsr_xl.jpg,,,,,Bible writing,
100,,,,,,,,About 100 CE,"John, the last of the apostles, dies",2 Thess. 2:7,,,,,,Events,
101,,,,,,,,Begun sometime in the 2nd century,Captivity of Babylon the Great begins,,,,,,,Time periods,
102,,,,,,,,Around 100,Herod Dinasty ceased to exist,,,,,,,Events,
400,,,,,,,,About 400,Babylon does not exists,According to Jerome,,,,,,World powers,
1776,,,,,,,,,USA declares it's independence,,,,,,,World powers,
1870,,,,,,,,,King of the South becomes identifiable,,,,,,,King of the South,
1870,,,,,,,,,"Charles Taze Russell and a group from Pittsburgh and Allegheny, Pennsylvania, U.S.A., begin systematic study of the Bible",,,,,,,Modern day history of JW,
1871,,,,,,,,,Establishing the German Empire,King of the North reappeares,,,,,,King of the North,
1871,,,,,,,,,Otto von Bismarck,King of the North in Da 11:25-30a,https://upload.wikimedia.org/wikipedia/commons/9/92/Bundesarchiv_Bild_146-2005-0057%2C_Otto_von_Bismarck_%28cropped%29.jpg,,,,,King of the North,
1876,1,,,,,,,,Russell receives a copy of <i>Herald of the Morning</i>,"Meets N. H. Barbour, the editor, that summer in Philadelphia, Pennsylvania",,,,,,Modern day history of JW,
1876,10,,,,,,,,"Article by Russell, published in Bible Examiner points to 1914 as the end of the Gentile Times",,,,,,,Modern day history of JW,
1879,5,,,,,,,,Russell withdraws all support from <i>Herald of the Morning</i>,,,,,,,Modern day history of JW,
1879,7,,,,,,,,First issue of <i>Zion’s Watch Tower and Herald of Christ’s Presence</i>,,https://wol.jw.org/en/wol/mp/r1/lp-e/kr/2014/84,,,,,Modern day history of JW,
1886,,,,,,,,,<i>The Divine Plan of the Ages</i> is published,the first volume of the series called <i>Millennial Dawn</i> (later known as <i>Studies in the Scriptures</i>),,,,,,Modern day history of JW,
1888,,,,,,,,,Kaiser Wilhelm II,King of the North in Da 11:26,https://upload.wikimedia.org/wikipedia/commons/thumb/1/16/Kaiser_Wilhelm_II_of_Germany_-_1902%28cropped%29.jpg/800px-Kaiser_Wilhelm_II_of_Germany_-_1902%28cropped%29.jpg,,,,,King of the North,
1889,,,,,,,,,The Bible House is constructed as headquarters for the Society,"Arch Street, Allegheny, Pennsylvania,",,,,,,Modern day history of JW,
1901,,,,,,,,,Edward VII,King of the South in Da 11:25-30a,https://upload.wikimedia.org/wikipedia/commons/thumb/7/7b/King-Edward-VII_%28cropped%29.jpg/800px-King-Edward-VII_%28cropped%29.jpg,,,,,King of the South,
1903,,,,,,,,,Newspaper Sermons,,https://wol.jw.org/en/wol/mp/r1/lp-e/w09/2009/53,,,,,Modern day history of JW,
1909,4,,,,,,,,"Headquarters of the Society is moved to Brooklyn, New York",,https://wol.jw.org/en/wol/mp/r1/lp-e/w09/2009/51,,,,,Modern day history of JW,
1914,1,,,,,,,,The “Photo-Drama of Creation”,,https://wol.jw.org/en/wol/mp/r1/lp-e/kr/2014/117,,,,,Modern day history of JW,
1914,10,2,,,,,,,“The Gentile times have ended”,In the Bethel dining room Russell affirms,,,,,,Modern day history of JW,
1914,10,,,,,,,607 BCE-1914 CE,2520 years ends,"7 times (Da 4:16, 25) <br>“Appointed times of the nations” (Lk 21:24)",,,,,,Time periods,
1914,12,,,,,,,1914 December - 1918 June,"""Time, times and half a time"" begins",Small horn harasses the holy ones (Da 7:25),,,,,,Time periods,
1914,12,,,,,,,1914 December - 1918 June,1260 days begins,Two wittnesses preaching in sackcloth (Re 11:2-7),,,,,,Time periods,
1916,10,31,,,,,,,Death of Russell,"at 64 years of age, while on a train traveling through Texas",https://wol.jw.org/en/wol/mp/r1/lp-e/kr/2014/20,,,,,Persons,
1917,1,6,,,,,,,Rutherford becomes president of Society,,https://wol.jw.org/en/wol/mp/r1/lp-e/rr/2018/772,,,,,Modern day history of JW,
1917,7,17,,,,,,,<i>The Finished Mystery</i> is released to the Bethel family,,https://assetsnffrgf-a.akamaihd.net/assets/m/302017023/univ/art/302017023_univ_cnt_2_xl.jpg,,,,,Modern day history of JW,
1918,7,21,,,,,,,Rutherford and close associates sentenced to long terms in federal penitentiary,(one on July 10),https://wol.jw.org/pis/wol/mp/r103/lp-sp/w18/2018/953,,,,,Modern day history of JW,
1918,8,,,,,,,,Brooklyn headquarters is closed,,,,,,,Modern day history of JW,
1918,6,,,,,,,1914 December - 1918 June,"""Time, times and half a time"" ends",Small horn harasses the holy ones (Da 7:25),,,,,,Time periods,
1918,6,,,,,,,1914 December - 1918 June,1260 days ends,Two wittnesses preaching in sackcloth (Re 11:2-7),,,,,,Time periods,
1919,3,26,,,,,,,The Society’s officers and associates are released,,,,,,,Modern day history of JW,
1919,9,1,,1919,9,8,,,"Convention at Cedar Point, Ohio","Bulletin, Golden Age",https://assetsnffrgf-a.akamaihd.net/assets/m/2019600/univ/art/2019600_univ_lsr_xl.jpg,,,,,Modern day history of JW,
1919,,,,,,,,,Faithful Slave is appointed over God's people,,,,,,,Modern day history of JW,
1919,,,,,,,,Begun sometime in the 2nd century BCE,Captivity of Babylon the Great ends,,,,,,,Time periods,
1919,1,,,,,,,January 1919-September 1922,1290 days begins,Da 12:11,,,,,,Time periods,
1920,,,,,,,,,League of Nations founded,,,,,,,Events,
1922,2,26,,,,,,,Radio is first used by Rutherford,,https://assetsnffrgf-a.akamaihd.net/assets/m/2012850/univ/art/2012850_univ_lsr_xl.jpg,,,,,Modern day history of JW,
1922,9,5,,1922,9,13,,,"“Advertise, advertise, advertise, the King and his kingdom”","Convention at Cedar Point, Ohio",https://assetsnffrgf-a.akamaihd.net/assets/m/2017409/univ/art/2017409_univ_lsr_xl.jpg,,,,,Modern day history of JW,
1922,9,,,,,,,January 1919-September 1922,1290 days ends,Da 12:11,,,,,,Time periods,
1922,9,,,,,,,September 1922-May 1926,1335 days begins,Da 12:12,,,,,,Time periods,
1924,2,24,,,,,,,WBBR begins,,https://wol.jw.org/en/wol/mp/r1/lp-e/kr/2014/121,,,,,Modern day history of JW,
1926,,,,,,,,,Society begins printing Bibles,Emphatic Diaglott; King James version; American Standard,,,,,,Bible copy/translation,
1926,5,,,,,,,September 1922-May 1926,1335 days ends,Da 12:12,,,,,,Time periods,
1931,7,26,,,,,,,Accepting the name of Jehovah’s Witnesses,"At a convention in Columbus, Ohio",https://assetsnffrgf-a.akamaihd.net/assets/m/2013122/univ/art/2013122_univ_cnt_2_xl.jpg,,,,,Modern day history of JW,
1933,,,,,,,,,Sound Cars,,https://wol.jw.org/en/wol/mp/r1/lp-e/kr/2014/135,,,,,Modern day history of JW,
1934,,,,,,,,,Adolf Hitler,King of the North in Da 11:30b-31,https://upload.wikimedia.org/wikipedia/commons/e/e1/Hitler_portrait_crop.jpg,,,,,King of the North,
1934,,,,,,,,,Hitler declares that he will terminate JW,,https://assetsnffrgf-a.akamaihd.net/assets/m/502018290/univ/art/502018290_univ_lsr_xl.jpg,,,,,Modern day history of JW,
1935,5,31,,,,,,,The “great multitude” is identified,"In convention discourse at <a href=""https://www.google.de/maps/@38.8938959,-77.1797278,11z?hl=hu&authuser=0""> Washington, DC</a>",https://wol.jw.org/en/wol/mp/r1/lp-e/kr/2014/103,,,,,Modern day history of JW,
1936,,,,,,,,,Plackard Work,,https://wol.jw.org/en/wol/mp/r1/lp-e/kr/2014/137,,,,,Modern day history of JW,
1938,6,,,,,,,"June 1 or 15, 1938-October 8 or 22, 1944",2300 evenings and mornings begins,Da 8:14,,,,,,Time periods,
1942,1,13,,,,,,,N. H. Knorr becomes president of Society,,https://assetsnffrgf-a.akamaihd.net/assets/m/702022113/univ/art/702022113_univ_cnt_02_xl.jpg,,,,,Modern day history of JW,
1942,1,8,,,,,,,"Rutherford dies in San Diego, California",,https://assetsnffrgf-a.akamaihd.net/assets/m/2019600/univ/art/2019600_univ_cnt_2_xl.jpg,,,,,Persons,
1943,,,,,,,,,Theocratic Ministry School begins,In congregations (preceded by An Advanced Course on Theocratic Ministry in Bethel [1942]),,,,,,Modern day history of JW,
1943,2,1,,,,,,,Gilead begins,,https://assetsnffrgf-a.akamaihd.net/assets/m/502013363/univ/art/502013363_univ_cnt_1_xl.jpg,,,,,Modern day history of JW,
1944,10,,,,,,,"June 1 or 15, 1938-October 8 or 22, 1944",2300 evenings and mornings ends,Da 8:14,,,,,,Time periods,
1945,,,,,,,,,UN founded,,,,,,,Events,
1945,,,,,,,,,Soviet Unioin and its allies,King of the North in Da 11:32-43,https://upload.wikimedia.org/wikipedia/commons/c/ce/Soviet_empire_1960.png,,,,,King of the North,
1947,,,,,,,,,Work on the <i>New World Translation of the Christian Greek Scriptures</i> begins,,,,,,,Bible copy/translation,
1950,8,2,,,,,,,<i>New World Translation of the Christian Greek Scriptures</i> is released ,In English,,,,,,Bible copy/translation,
1950,,,,,,,,,International Convention,Yankee Stadium <br>8 days <br>40 releases <br>trailer camp,https://wol.jw.org/en/wol/mp/r1/lp-e/w12/2012/248,,,,,Modern day history of JW,
1953,,,,,,,,,The New World Society Assembly,Trailer camp for 40 000 people,,,,,,Modern day history of JW,
1954,,,,,,,,,Motion Pictures,,https://wol.jw.org/en/wol/mp/r1/lp-e/kr/2014/139,,,,,Modern day history of JW,
1958,7,27,,1958,8,3,,,Divine Will International Convention,Yankee Stadium and Polo Grounds <br>253 922 (largest convention ever) <br>7036 baptism,,,,,,Modern day history of JW,
1961,,,,,,,,,<i>New World Translation of the Holy Scriptures</i> is released,"Complete Bible, in one volume, in English",https://assetsnffrgf-a.akamaihd.net/assets/m/502014271/univ/art/502014271_univ_sqr_xl.jpg,,,,,Bible copy/translation,
1971,,,,,,,,,Rotation of chairmen of the Governing Body,,https://assetsnffrgf-a.akamaihd.net/assets/m/2021282/univ/art/2021282_univ_cnt_7_xl.jpg,,,,,Modern day history of JW,
1972,,,,,,,,,Body of Elders,,https://wol.jw.org/en/wol/mp/r1/lp-e/w15/2015/16355,,,,,Modern day history of JW,
1976,,,,,,,,,Governing Body Committees,,https://assetsnffrgf-a.akamaihd.net/assets/m/502015165/univ/art/502015165_univ_lsr_lg.jpg,,,,,Modern day history of JW,
1979,,,,,,,,,MEPS,Multilingual Electronic Phototypesetting/Publishing System,https://assetsnffrgf-a.akamaihd.net/assets/m/502014115/univ/art/502014115_univ_cnt_4_xl.jpg,,,,,Modern day history of JW,
1986,,,,,,,,,RBC,Regional Building Committees,https://assetsnffrgf-a.akamaihd.net/assets/m/1102014258/univ/art/1102014258_univ_cnt_4_xl.jpg,,,,,Modern day history of JW,
1990,,,,,,,,,Video Production Begins,,https://wol.jw.org/en/wol/mp/r1/lp-e/kr/2014/141,,,,,Modern day history of JW,
1991,,,,,,,,,Soviet Union collapses,God’s people enjoys “a little help” (Dan. 11:34),,,,,,King of the North,
1993,,,,,,,,,International Convention in Kiev,Divine Teaching <br>7000 baptized (largest on record in theocratic history),,,,,,Modern day history of JW,
1997,,,,,,,,,Internet,,https://wol.jw.org/run/wol/mp/r82/lp-ru/ijwbq/2023/68,,,,,Modern day history of JW,
2000,,,,,,,,,Translation Help Desk (THD),,https://assetsnffrgf-a.akamaihd.net/assets/m/502015116/univ/art/502015116_univ_cnt_1_xl.jpg,,,,,Modern day history of JW,
2009,,,,,,,,,Change to Midweek Meeting,,https://wol.jw.org/en/wol/mp/r1/lp-e/mwb20/2020/595,,,,,Modern day history of JW,
2011,,,,,,,,,Metropolitan Witnessing,,https://wol.jw.org/en/wol/mp/r1/lp-e/kr/2014/145,,,,,Modern day history of JW,
2013,,,,,,,,,"WDC, RDC and LDC",1 Worldwide Design/Construction Department in WHQ <br>4 Regional Design/Construction Departments <br>Local Design/Construction Departments worldwide,https://assetsnffrgf-a.akamaihd.net/assets/m/302015053/univ/art/302015053_univ_lsr_xl.jpg,,,,,Modern day history of JW,
2014,,,,,,,,,JW Broadcasting,,https://assetsnffrgf-a.akamaihd.net/assets/m/702019258/univ/wpub/702019258_univ_lsr_xl.jpg,,,,,Modern day history of JW,
2015,,,,,,,,,Christian Life and Ministry Meeting,,https://wol.jw.org/pcm/wol/mp/r261/lp-ngp/jl/2017/84,,,,,Modern day history of JW,
2016,,,,,,,,,Study Bible,,https://assetsnffrgf-a.akamaihd.net/assets/m/702019260/univ/art/702019260_univ_cnt_02_xl.jpg,,,,,Modern day history of JW,
2017,,,,,,,,,Russia bans the activity of JW,,https://assetsnffrgf-a.akamaihd.net/assets/m/702022172/univ/art/702022172_univ_lsr_lg.jpg,,,,,King of the North,
2023,,,,,,,,,154th Class of Gilead,,https://t4.ftcdn.net/jpg/00/80/61/15/240_F_80611565_OcekAcsPwKtf7cJhqZvGXHwzSF7K6NSK.jpg,,,,,Events,